Número de Ticket;Creado;Estado;Propietario;Asunto
202606124700105;12/6/2026;abierto;victor.freire;[Ticket#202606124700105] SOLICITUD DE APOYO PARA REVISION DEL REPOSITORIO ALFRESCO
202606114700044;11/6/2026;Cerrado con exito;victor.freire;"Re: [Ticket#202606114700044] Convocatoria a Comité Técnico de Normalización ""Inteligencia artificial"""
202606094700151;9/6/2026;abierto;victor.freire;[Ticket#202606094700151] REVISION INFORME: Información del expediente de gestión del Contrato No.LPI-DIGERCIC-02-2019 (SEDIP) [...]
202606094700129;9/6/2026;abierto;victor.freire;[Ticket#202606094700129] CAPACITACIÓN MANTENIMIENTO Y SOPORTE TÉCNICO OTOBO
202606084700207;8/6/2026;Cerrado con exito;victor.freire;Re: [Ticket#202606084700207] REVISAR INFORME GESTIÓN DGTI
202606084700204;8/6/2026;Cerrado con exito;victor.freire;Re: [Ticket#202606084700204] RV: Comunicación de Resultados Provisionales 0032-0001-DNA1-2026-CRP
202606084700202;8/6/2026;Cerrado con exito;victor.freire;Re: [Ticket#202606084700202] RV: Comunicación de Resultados Provisionales 0029-0001-DNA1-2026-CRP
202606044700131;4/6/2026;Cerrado con exito;victor.freire;Re: [Ticket#202606044700131] RV: Comunicación de Resultados Provisionales 0027-0001-DNA1-2026-CRP
202606024700178;2/6/2026;Cerrado con exito;victor.freire;Re: [Ticket#202606024700178] REALIZACIÓN INFORME CRITICIDAD SERVICIO DE SEGURIDAD PERIMETRAL EQUIPOS Y LICENCIAMIENTO TIPO FIREWA [...]
202606024700175;2/6/2026;Cerrado con exito;victor.freire;Re: [Ticket#202606024700175] REALIZACIÓN PERFIL PROYECTO FORMATO MINTEL SERVICIO DE SEGURIDAD PERIMETRAL EQUIPOS Y LICENCIAMIENTO [...]
202606024700173;2/6/2026;Cerrado con exito;victor.freire;Re: [Ticket#202606024700173] POSTULACION GOB. EC ERVICIO DE SEGURIDAD PERIMETRAL EQUIPOS Y LICENCIAMIENTO TIPO FIREWALL PARA LOS  [...]
202606014700106;1/6/2026;Cerrado con exito;victor.freire;Re: [Ticket#202606014700106] REVISAR PLAN DE ACCION RECOMENDACION 24 SEDIP
202605224700098;22/5/2026;Cerrado con exito;victor.freire;Re: [Ticket#202605224700098] RV: Comunicación de Resultados Provisionales 0015-0001-DNA1-2026-CRP
202605224700097;22/5/2026;Cerrado con exito;victor.freire;Re: [Ticket#202605224700097] RV: Comunicación de Resultados Provisionales 0017-0001-DNA1-2026-CRP
202605214700149;21/5/2026;Cerrado con exito;victor.freire;Re: [Ticket#202605214700149] — REALIZACION PERFIL PROYECTO CONTRATACIÓN DEL SERVICIO DE ARRENDAMIENTO DE EQUIPOS MULTIFUNCIÓN (IM [...]
202605214700147;21/5/2026;Cerrado con exito;victor.freire;Re: [Ticket#202605214700147] — POSTULACION CTI CONTRATACIÓN DEL SERVICIO DE ARRENDAMIENTO DE EQUIPOS MULTIFUNCIÓN (IMPRESORAS Y E [...]
202605194700110;19/5/2026;Cerrado con exito;santiago.puga;Atendido con éxito
202605184700273;18/5/2026;abierto;adriana.pichucho;"[Ticket#202605184700273] SOLICITUD URGENTE  – ACTUALIZACIÓN DE KERNEL: ""Dirty Frag"" - BOLETIN DE CIBERSEGURIDAD - 202605003 - [...]"
202605184700266;18/5/2026;abierto;adriana.pichucho;"[Ticket#202605184700266] SOLICITUD URGENTE – ACTUALIZACIÓN DE KERNEL: CVE-2026-31431 ""Copy Fail"" (Escalada a Root / Escape de [...]"
202605144700155;14/5/2026;Cerrado con exito;victor.freire;Re: [Ticket#202605144700155] ELABORAR INFORME ARQUITECTURA IDENTIDAD DIGITAL
202605114700108;11/5/2026;Cerrado con exito;victor.freire;Re: [Ticket#202605114700108] RV: REQUERIMIENTO DE INFORMACIÓN DE LA ORDEN DE TRABAJO 0001-DNA1-2026 DESTINATARIO HEMERSON PATRICI [...]
202605064700119;6/5/2026;Cerrado con exito;victor.freire;Re: [Ticket#202605064700119] RV: Solicitud de información INFODIGITAL - DATO SEGURO.
202605064700115;6/5/2026;Cerrado con exito;victor.freire;Re: [Ticket#202605064700115] Taller Técnico - Repaso Arquitectura App Marca Blanca y Middleware
202604284700197;28/4/2026;Cerrado con exito;victor.freire;Re: [Ticket#202604284700197] RV: COMUNICACIÓN DE RESULTADOS PROVISIONALES DE LA ORDEN DE TRABAJO 0001-DNA1-2026 DESTINATARIO HEME [...]
202604284700126;28/4/2026;Cerrado con exito;victor.freire;Re: [Ticket#202604284700126] RV: Requerimiento de Información y/o Documentación 0060-0001-DNA1-2026-RI
202604284700125;28/4/2026;Cerrado con exito;victor.freire;Re: [Ticket#202604284700125] RV: Requerimiento de información y/o Documentación 0043-0001-DNA1-2026-RI
202604244700149;24/4/2026;abierto;root@localhost;[Ticket#202604244700149] Solicitud realizar actualizaciones Windows 10 y 11 por vulnerabilidad detectada en BOLETIN DE CIBERS [...]
202604244700147;24/4/2026;Cerrado con exito;edwin.valdez;Re: [Ticket#202604244700147] Solicitud realizar actualizaciones Windows 10 y 11 por vulnerabilidad detectada en BOLETIN DE CIBERS [...]
202604244700145;24/4/2026;abierto;root@localhost;[Ticket#202604244700145] Solicitud realizar actualizaciones Windows 10 y 11 por vulnerabilidad detectada en BOLETIN DE CIBERS [...]
202604244700143;24/4/2026;abierto;nancy.guzhnay;Cambio de Propietario
202604214700130;21/4/2026;Cerrado con exito;victor.freire;Re: [Ticket#202604214700130] Requerimiento de Información y/o Documentación - 0056-0001-DNA1-2026-RI (MO)
202604204700168;20/4/2026;abierto;adriana.pichucho;[Ticket#202604204700168] Solicitud verificación en Directorio Activo por BOLETIN DE CIBERSEGURIDAD - 202604006 - VULNERABILID [...]
202604204700075;20/4/2026;Cerrado con exito;victor.freire;Re: [Ticket#202604204700075] CARGA INDICADORES DE PROCEDIMIENTOS DGTI 2026
202604174700054;17/4/2026;Cerrado con exito;root@localhost;Re: [Ticket#202604174700054] Priorización del despliegue y desarrollo de los módulos de SURI 4.0 (Solicitud documentos de acuerdo [...]
202604164700064;16/4/2026;Cerrado con exito;victor.freire;Re: [Ticket#202604164700064] REVISIÓN COMENTARIOS INDICADORES EN GPR 2026
202604154700144;15/4/2026;Cerrado con exito;victor.freire;Re: [Ticket#202604154700144] RV: REQUERIMIENTO DE INFORMACIÓN DE LA ORDEN DE TRABAJO 0001-DNA1-2026 DESTINATARIO HEMERSON PATRICI [...]
202604154700143;15/4/2026;Cerrado con exito;victor.freire;Re: [Ticket#202604154700143] RV: Requerimiento de Información y/o Documentación 0039-0001-DNA1-2026-RI
202604154700139;15/4/2026;Cerrado con exito;victor.freire;Re: [Ticket#202604154700139] RV: COMUNICACIÓN DE RESULTADOS PROVISIONALES DE LA ORDEN DE TRABAJO 0001-DNA1-2026 DESTINATARIO HEME [...]
202604154700073;15/4/2026;Cerrado con exito;victor.freire;Re: [Ticket#202604154700073] Realizar formato arquitectura de software por capas del ambiente de producción
202604074700184;7/4/2026;Cerrado con exito;enrique.lucio;Re: [Ticket#202604074700184] Solicitud actualización de Windows Admin Center por vulnerabilidades detectadas en BOLETIN DE CIBERS [...]
202604074700164;7/4/2026;abierto;adriana.pichucho;Cambio de Propietario
202604064700152;6/4/2026;Cerrado con exito;victor.freire;Re: [Ticket#202604064700152] Realización informe GPR Trimestral Perfiles de Proyecto
202603274700255;27/3/2026;Cerrado con exito;victor.freire;Re: [Ticket#202603274700255] RV: Información requerida para auditorías externas Infraestructura abarca temas de: hardware, softwa [...]
202603274700254;27/3/2026;Cerrado con exito;victor.freire;Re: [Ticket#202603274700254] Solicitud de documentación con base en los requerimientos del Oficio No. 0024-0001-DNA1-2026-RI de l [...]
202603204700187;20/3/2026;abierto;adriana.pichucho;Listado para descarga de parches
202603204700161;20/3/2026;Cerrado con exito;victor.freire;Re: [Ticket#202603204700161] Rv: Preparación Auditoria Externa y Capacitación Manual de Calidad
202603194700165;19/3/2026;Cerrado con exito;victor.freire;Re: [Ticket#202603194700165] Revisión OFICIO   No. 0023-0001-DNA1-2026-RI_CoordGenTIC_observaciones
202603184700064;18/3/2026;Cerrado con exito;victor.freire;Re: [Ticket#202603184700064] Disposiciones -Auditoría EXTERNA 2026 del Sistema de Gestión de Calidad Certificado bajo la Norma IS [...]
202603184700057;18/3/2026;Cerrado con exito;victor.freire;Re: [Ticket#202603184700057] Requerimiento Desarrolo y mantenimiento de software reportes GPR 2022, 2023, 2024
202603184700052;18/3/2026;Cerrado con exito;victor.freire;Re: [Ticket#202603184700052] REVISIÓN Y CARGA RIESGOS 2026 DGTI DE ACUERDO A MEMORANDO Memorando Nro. DIGERCIC-CGPGE.SPP-2026-002 [...]
202603184700050;18/3/2026;Cerrado con exito;victor.freire;Re: [Ticket#202603184700050] Requerimiento Gobierno de TIC módulo de inventarios SEDIP
202603174700188;17/3/2026;Cerrado con exito;edwin.valdez;Re: [Ticket#202603174700188] SOLICITUD ACTUALIZAR GOOGLE CHROME POR VULNERABILIDAD CRÍTICA — BOLETIN DE CIBERSEGURIDAD - 20251100 [...]
202603174700185;17/3/2026;Cerrado con exito;david.merchan;Re: [Ticket#202603174700185] SOLICITUD ACTUALIZAR GOOGLE CHROME POR VULNERABILIDAD CRÍTICA — BOLETIN DE CIBERSEGURIDAD - 20251100 [...]
202603174700181;17/3/2026;cerrado sin éxito;victor.freire;Re: [Ticket#202603174700181] - SOLICITUD ACTUALIZAR GOOGLE CHROME POR VULNERABILCambio de Propietario
202603174700180;17/3/2026;Cerrado con exito;nancy.guzhnay;Re: [Ticket#202603174700180] SOLICITUD ACTUALIZAR GOOGLE CHROME POR VULNERABILIDAD CRÍTICA — BOLETIN DE CIBERSEGURIDAD - 20251100 [...]
202603174700179;17/3/2026;Cerrado con exito;david.merchan;[Ticket#202603174700179] SOLICITUD ACTUALIZAR GOOGLE CHROME POR VULNERABILIDAD CRÍTICA — BOLETIN DE CIBERSEGURIDAD - 20251100 [...]
202603174700176;17/3/2026;Cerrado con exito;milton.gallo;Re: [Ticket#202603174700176] SOLICITUD ACTUALIZAR GOOGLE CHROME POR VULNERABILIDAD CRÍTICA  —  BOLETIN DE CIBERSEGURIDAD - 202511 [...]
202603174700144;17/3/2026;Cerrado con exito;victor.freire;Re: [Ticket#202603174700144] — Revisión, carga y cierre documental contrato LPI-DIGERCIC-2024-01
202603174700143;17/3/2026;Cerrado con exito;victor.freire;Re: [Ticket#202603174700143] RV: Requerimiento de Información y/o Documentación 0025-0001-DNA1-2026-RI
202603174700060;17/3/2026;Cerrado con exito;victor.freire;Re: [Ticket#202603174700060] — Notificación de técnico delegado para cierre documental
202603164700079;16/3/2026;Cerrado con exito;santiago.puga;Atendido con éxito
202603164700072;16/3/2026;Cerrado con exito;roberto.espin;Re: [Ticket#202603164700072] Solicitud de revisión – Campaña de phishing suplantando al Ministerio del Trabajo
202603134700242;13/3/2026;Cerrado con exito;steve.toaquiza;Re: [Ticket#202603134700242] SOLICITUD ACTUALIZAR PLUGIN WORDPRESS DE PAGINA INSTITUCIONAL - BOLETIN DE CIBERSEGURIDAD - 20251200 [...]
202603134700240;13/3/2026;Cerrado con exito;roberto.espin;Re: [Ticket#202603134700240] SOLICITUD MONITOREAR Y BLOQUEAR EN EL CORREO INSTITUCIONAL DOMINIOS MALICIOSOS IDENTIFICADOS- BOLETI [...]
202603134700222;13/3/2026;cerrado, no cumple requisitos;marco.agreda;Re: [Ticket#202603134700222] SOLICITUD ACTUALIZAR PGADMIN POR VULNERABILIDAD CRÍTICA  —  BOLETIN DE CIBERSEGURIDAD - 202511004
202603134700210;13/3/2026;Cerrado con exito;enrique.lucio;Re: [Ticket#202603134700210] Actualizar Sudo a la versión 1.9.17p1 o superior - BOLETIN DE CIBERSEGURIDAD - 202510003
202603114700231;11/3/2026;Cerrado con exito;victor.freire;Re: [Ticket#202603114700231] REVISIÓN DOCUMENTACIÓN INFORME COMPARACIONES ABIS
202603114700230;11/3/2026;Cerrado con exito;victor.freire;Re: [Ticket#202603114700230] REVISIÓN Y CARGA DOCUMENTACION ALFRESCO ACTA PARCIAL DE MONITOREO
202603114700227;11/3/2026;Cerrado con exito;victor.freire;Re: [Ticket#202603114700227] — Revisión Diseño de Diagrama de Arquitectura de Software DIG
202603114700137;11/3/2026;Cerrado con exito;victor.freire;Re: [Ticket#202603114700137] Elaboración informe de factibilidad de migración a tecnologías libres
202603104700098;10/3/2026;Cerrado con exito;victor.freire;Re: [Ticket#202603104700098] Actualizar Perfil de proyecto con las observaciones realizadas
202603094700283;9/3/2026;Cerrado con exito;victor.freire;Re: [Ticket#202603094700283] — Fwd: SOLICITUD DE APOYO PARA ELABORACIÓN DE INFORM
202603094700103;9/3/2026;Cerrado con exito;victor.freire;Re: [Ticket#202603094700103] ACTUALIZACIÓN HERRAMIENTA GPR ENERO- FEBRERO 2026
202602274700302;27/2/2026;Cerrado con exito;victor.freire;Re: [Ticket#202602274700302] ACTUALIZAR PROCEDIMIENTO GESTION DE ARQUITECTURA INFORMATICA
202602264700187;26/2/2026;Cerrado con exito;victor.freire;Re: [Ticket#202602264700187] RESPUESTA A Oficios: No. 0007-0001-DNA1-2026-RI y No. 0014-0001-DNA1-2026-RI emitidos por la Contral [...]
202602264700186;26/2/2026;Cerrado con exito;victor.freire;Re: [Ticket#202602264700186] Revisión de documentación proceso CONTRATO No. CGAJ-DAJ-CON-2025-013
202602264700184;26/2/2026;Cerrado con exito;victor.freire;Re: [Ticket#202602264700184] RV: REPORTE TICKETS SEDIP IMPRESORAS IXLA -- MB
202602244700153;24/2/2026;Cerrado con exito;victor.freire;Re: [Ticket#202602244700153] Elaboración del informe de gestión de la DTI
202602244700040;24/2/2026;Cerrado con exito;victor.freire;Re: [Ticket#202602244700040] VALIDACIÓN INFORMACIÓN PLAN ANUAL COMPROMETIDO GPR
202602064700245;6/2/2026;Cerrado con exito;bertha.loor;Re: [Ticket#202602064700245] SOLICITUD ACTUALIZACIÓN VIA WINDOWS UPDATE A LAS ESTACIONES DE TRABAJO CON WINDOWS 1O Y WINDOWS 11 - [...]
202602064700230;6/2/2026;Cerrado con exito;bertha.loor;Re: [Ticket#202602064700230] SOLICITUD ACTUALIZACIÓN VIA WINDOWS UPDATE A LAS ESTACIONES DE TRABAJO CON WINDOWS 1O Y WINDOWS 11 - [...]
202602064700217;6/2/2026;Cerrado con exito;bertha.loor;[Ticket#202602064700217]
202602064700212;6/2/2026;Cerrado con exito;richar.cordova;Re: [Ticket#202602064700212] Actualizar Sudo a la versión 1.9.17p1 o superior -  BOLETIN DE CIBERSEGURIDAD - 202510003
202602064700205;6/2/2026;Cerrado con exito;santiago.puga;Re: [Ticket#202602064700205] Revisión del servicio RasMan en equipos con VPN activas -  Boletín de ciberseguridad 202510004
202602064700183;6/2/2026;Cerrado con exito;victor.freire;Re: [Ticket#202602064700183] CREAR INDICADORES DE OBJETIVOS OPERATIVOS EN GPR DE LA DGTI
202601274700151;27/1/2026;Cerrado con exito;victor.freire;Re: [Ticket#202601274700151] Ambiente de Desarrollo SEDIP
202601274700150;27/1/2026;Cerrado con exito;victor.freire;Re: [Ticket#202601274700150] RV: Manuales técnicos SEDIP
202601224700157;22/1/2026;Cerrado con exito;victor.freire;Re: [Ticket#202601224700157] RV: Accesos a  repositorio Alfresco Contrato LPI-DIGERCIC-02-2019
202601224700029;22/1/2026;Cerrado con exito;victor.freire;Re: [Ticket#202601224700029] SOLICITUD DE INFORMACIÓN PARA CONTRALORÍA - ORDEN DE TRABAJO 0001-DNA1-2026
202601214700034;21/1/2026;Cerrado con exito;victor.freire;Re: [Ticket#202601214700034] Encuesta de Necesidades de Capacitación 2026
202601144700016;14/1/2026;Cerrado con exito;victor.freire;Re: [Ticket#202601144700016] SOLICITUD DE APOYO TÉCNICO - ADMINISTRATIVO PARA NUEVO EXAMEN DE LA CONTRALORIA AL CONTRATO No. LPI- [...]
202601144700014;14/1/2026;Cerrado con exito;victor.freire;Re: [Ticket#202601144700014] Atención memorando DIGERCIC-CGPGE-2026-0002-M
202512314700078;31/12/2025;Cerrado con exito;victor.freire;Re: [Ticket#202512314700078] Realizar Recordatorio final Indicadores Procedimientos, Objetivos Operativos y Riesgos de la DGTI a  [...]
202512314700063;31/12/2025;cerrado sin éxito;victor.freire;Re: [Ticket#202512314700063] Notificación de técnico delegado para cierre documental del contrato No. CGAJ-DAJ-CON-2024-018
202512314700057;31/12/2025;Cerrado con exito;victor.freire;Re: [Ticket#202512314700057] — REVISAR Y SUBIR DOCUMENTACIÓN A CTI MINTEL
202512314700052;31/12/2025;cerrado sin éxito;victor.freire;Re: [Ticket#202512314700052] REVISAR Y SUBIR DOCUMENTACIÓN A CTI MINTEL
202512314700036;31/12/2025;Cerrado con exito;victor.freire;Re: [Ticket#202512314700036] ACOMPAÑAMIENTO SEGURIDAD INFORMATICA PRUEBAS POC BITDEFENDER (GAE)
202512314700033;31/12/2025;Cerrado con exito;victor.freire;Re: [Ticket#202512314700033] GAC y GAM Unidad de Arquitectura y Proyectos
202512314700021;31/12/2025;cerrado sin éxito;victor.freire;Re: [Ticket#202512314700021] ACTUALIZAR INFORME DE NECESIDAD CEVIS
202512224700238;22/12/2025;Cerrado con exito;victor.freire;Re: [Ticket#202512224700238] - Elaboración perfil proyecto Mintel CONTRATACIÓN DE SERVI
202512224700237;22/12/2025;cerrado sin éxito;victor.freire;Re: [Ticket#202512224700237] Devolución y observaciones
202512024700117;2/12/2025;Cerrado con exito;victor.freire;Re: [Ticket#202512024700117] REALIZAR RESPUESTA Memorando Nro. DIGERCIC-CGS.DSRC-2025-1016-M
202511114700328;11/11/2025;Cerrado con exito;victor.freire;Re: [Ticket#202511114700328] - Fwd: BOLETIN DE CIBERSEGURIDAD - 202510006 - POC PÚ
202511114700327;11/11/2025;Cerrado con exito;victor.freire;Re: [Ticket#202511114700327] Reporte del estado de los boletines de seguridad desde septiembre hasta el 20 de octubre de 2025
202511114700326;11/11/2025;Cerrado con exito;victor.freire;Re: [Ticket#202511114700326] BOLETIN DE CIBERSEGURIDAD - 202510005 - VULNERABILIDADES DE BITLOCKER EN WINDOWS PERMITEN A ATACANTE [...]
202511114700325;11/11/2025;Cerrado con exito;victor.freire;Re: [Ticket#202511114700325] Solicitud por ticket 202511184700005
202511114700299;11/11/2025;Cerrado con exito;victor.freire;Re: [Ticket#202511114700299] Revisión expediente quinto y sexto mantenimiento contrato SEDIP
202511114700295;11/11/2025;Cerrado con exito;victor.freire;Re: [Ticket#202511114700295] Elaborar informe de necesidad CEVIS
202511114700293;11/11/2025;Cerrado con exito;victor.freire;Re: [Ticket#202511114700293] Elaboración acta de entrega recepción definitiva certificados SSL
202511114700290;11/11/2025;Cerrado con exito;victor.freire;Re: [Ticket#202511114700290] Revisión documentación para comenzar a gestionar el pago proceso certificados SSL
202511114700284;11/11/2025;Cerrado con exito;victor.freire;Re: [Ticket#202511114700284] Gestionar reuniones viernes 7 y sábado 8 de noviembre 2025 para instalación de certificados
202511114700280;11/11/2025;Cerrado con exito;victor.freire;Re: [Ticket#202511114700280] Información y autorización geenración de certificados SSL
202511114700272;11/11/2025;Cerrado con exito;victor.freire;Re: [Ticket#202511114700272] Solicitar ajustes listado servidores para instalación certificados SSL
202511104700262;10/11/2025;Cerrado con exito;victor.freire;Re: [Ticket#202511104700262] RV: Requerimiento de información oficio 0012-0001-DNA8-AFI-2025-I-RI
202511104700256;10/11/2025;cerrado sin éxito;victor.freire;Re: [Ticket#202511104700256] — Elaboración de documentación en la fase preparatoria del pr
202511104700252;10/11/2025;Cerrado con exito;victor.freire;"Re: [Ticket#202511104700252] Gestion Administración Orden de Compra de la ""RENOVACIÓN DE CERTIFICADOS SSL PARA LOS SISTEMAS Y SER [...]"
202510234700112;23/10/2025;Cerrado con exito;victor.freire;Re: [Ticket#202510234700112] ENCUESTA DE CLIMA LABORAL Y CULTURA ORGANIZACIONAL SNGR 2025
202510144700227;14/10/2025;Cerrado con exito;victor.freire;[Ticket#202510144700227] REALIZAR PERFIL PROYECTO CONTRATACIÓN DEL SERVICIO DE ARRENDAMIENTO DE EQUIPOS DE CÓMPUTO, ALMACENAM [...]
202510134700185;13/10/2025;Cerrado con exito;victor.freire;Re: [Ticket#202510134700185] SUBIR A HERRAMIENTA GPR INFORMES TRIMESTRALES DGTI 2025
202510074700258;7/10/2025;Cerrado con exito;victor.freire;Re: [Ticket#202510074700258] REVISIÓN MEMORANDO DIGERCIC-CGAF.DF-2025-1980-M
202510064700170;6/10/2025;Cerrado con exito;victor.freire;Re: [Ticket#202510064700170] ACOMPAÑAMIENTO SEGURIDAD INFORMATICA PRUEBAS POC BITDEFENDER
202510064700169;6/10/2025;Cerrado con exito;victor.freire;Re: [Ticket#202510064700169] ACOMPAÑAMIENTO SEGURIDAD INFORMATICA PRUEBAS POC PALO ALTO XDR
202510064700168;6/10/2025;Cerrado con exito;victor.freire;Re: [Ticket#202510064700168] ACOMPAÑAMIENTO SEGURIDAD INFORMATICA PRUEBAS POC CISCO UMBRELLA
202510064700167;6/10/2025;Cerrado con exito;victor.freire;Re: [Ticket#202510064700167] ACOMPAÑAMIENTO SEGURIDAD INFORMATICA PRUEBAS POC (EDR-XDR)
202510064700165;6/10/2025;Cerrado con exito;victor.freire;Re: [Ticket#202510064700165] CARGAR INFO A GOB.EC PARA VIABILIDAD TECNOLOGIA DE SERVICIO DE ARRENDAMIENTO DE EQUIPOS DE CÓMPUTO,  [...]
202510034700256;3/10/2025;Cerrado con exito;victor.freire;Re: [Ticket#202510034700256] REALIZAR PERFIL PROYECTO CONTRATACIÓN DEL SERVICIO DE ARRENDAMIENTO DE EQUIPOS DE CÓMPUTO, ALMACENAM [...]
202510034700255;3/10/2025;Cerrado con exito;victor.freire;Re: [Ticket#202510034700255] REVISAR INFORME DE ARQUITECTURA AGENCIA VIRTUAL NUEVA
202510034700254;3/10/2025;Cerrado con exito;victor.freire;Re: [Ticket#202510034700254] REGISTRO CIVIL - Despliegue de conectores en PC de escritorio
202509194700087;19/9/2025;Cerrado con exito;victor.freire;Re: [Ticket#202509194700087] REMITIR ESTADO PRUEBAS POC KASPERSKY HASTA LA FECHA
202509184700215;18/9/2025;Cerrado con exito;victor.freire;Re: [Ticket#202509184700215] REALIZAR INFORMES GPR TRIMESTRALES JUL-SEPT 2025 UAYP
202509184700214;18/9/2025;Cerrado con exito;victor.freire;Re: [Ticket#202509184700214] Rv: Poc Kaspersky - Registro Civil/Cnt Ep 18/09/25
202509184700213;18/9/2025;Cerrado con exito;victor.freire;Re: [Ticket#202509184700213] REVISAR Y TABULAR CONTROLES EGSI EN INFORMES GPR DESDE ENERO 2025
202509164700054;16/9/2025;Cerrado con exito;victor.freire;Re: [Ticket#202509164700054] SOLICITAR DESBLOQUEO USUARIO GPR GUZMAN NEIRA CARLOS LUIS
202509164700050;16/9/2025;Cerrado con exito;victor.freire;Re: [Ticket#202509164700050] SOLICITAR DESBLOQUEO USUARIO GPR MOYA BRICEÑO ERIKA YESSENIA
202509164700049;16/9/2025;Cerrado con exito;victor.freire;Re: [Ticket#202509164700049] ACTIVACION USUARIOS
202509124700090;12/9/2025;Cerrado con exito;victor.freire;Re: [Ticket#202509124700090] REALIZAR CURSO DE ETICA
202509084700048;8/9/2025;Cerrado con exito;victor.freire;Re: [Ticket#202509084700048] REALIZAR RECORDATORIO HITOS A REPORTAR GPR DGTI JULIO-SEPTIEMBRE 2025
202509044700119;4/9/2025;Cerrado con exito;victor.freire;Re: [Ticket#202509044700119] Remisión de Reporte de No Conformidades y Primer Borrador de GAC – Dirección de Gestión TI
202509044700118;4/9/2025;Cerrado con exito;victor.freire;Re: [Ticket#202509044700118] RV: Favor detallar actividades programadas hasta el 01 de diciembre 2025.
202508284700091;28/8/2025;Cerrado con exito;victor.freire;Re: [Ticket#202508284700091] DESACTIVACION - ARIAS MELO
202508284700033;28/8/2025;Cerrado con exito;victor.freire;Re: [Ticket#202508284700033] DESACTIVACION USUARIO PATRICIA MALDONADO POR SUPRESIÓN PARTIDA
202508284700032;28/8/2025;Cerrado con exito;victor.freire;Re: [Ticket#202508284700032] HABILITACIÓN DE GPR
202508284700027;28/8/2025;Cerrado con exito;victor.freire;Re: [Ticket#202508284700027] Autorización de solicitud de permisos para herramienta GPR
202508154700052;15/8/2025;Cerrado con exito;victor.freire;Re: [Ticket#202508154700052] Delegados de funciones de la unidad de Arquitectura y Proyectos y Seguridad Informática en goce de v [...]
202508154700051;15/8/2025;Cerrado con exito;victor.freire;Re: [Ticket#202508154700051] Delegados de funciones de la unidad de Arquitectura y Proyectos y Seguridad Informática en goce de v [...]
202508154700027;15/8/2025;Cerrado con exito;victor.freire;Re: [Ticket#202508154700027] Elaboración de informe de análisis de seguridad informática sobre memorando Nro DIGERCIC-CGTIC.DIO-2 [...]
202508154700026;15/8/2025;Cerrado con exito;victor.freire;Re: [Ticket#202508154700026] Matriz de responsable, fechas y formatos de Reportes a Mintel 2025
202508074700225;7/8/2025;Cerrado con exito;victor.freire;Re: [Ticket#202508074700225] Añadir en listas negras (SPAM)
202508074700224;7/8/2025;Cerrado con exito;victor.freire;Re: [Ticket#202508074700224] REALIZAR FORMATO Y MEMORANDO PARA SOLICITUD SUMINISTROS AGO-SEPT. DGTI
202508074700221;7/8/2025;Cerrado con exito;victor.freire;Re: [Ticket#202508074700221] ACOMPAÑAMIENTO SEGURIDAD INFORMATICA PROCESO CONTRATACIÓN ANTIVIRUS KASPERSKY
202508074700218;7/8/2025;Cerrado con exito;victor.freire;Re: [Ticket#202508074700218] REPORTE Nro. 4 - Esquema Gubernamental de Seguridad de la Información - EGSI V3
202508054700064;5/8/2025;Cerrado con exito;victor.freire;Re: [Ticket#202508054700064] [TLP AMBER] Filtración de Credenciales (Solicitud de actualización manual de usuario en linea Agenci [...]
202508054700063;5/8/2025;Cerrado con exito;victor.freire;Re: [Ticket#202508054700063] [TLP AMBER] Filtración de Credenciales (Solicitud de reseteo claves por medio de Administrador de Ag [...]
202508054700023;5/8/2025;Cerrado con exito;victor.freire;Re: [Ticket#202508054700023] [TLP AMBER] Filtración de Credenciales
202507304700143;30/7/2025;Cerrado con exito;victor.freire;Re: [Ticket#202507304700143] Revisar DIGERCIC-CGTIC-2025-0045-EXT: Proyecto de Regulación para la Evaluación de Proyectos Tecnoló [...]
202507304700139;30/7/2025;Cerrado con exito;victor.freire;Re: [Ticket#202507304700139] REMITIR INFORMACIÓN DE SEGURIDAD INFORMATICA SOBRE ANTIVIRUS
202507214700191;21/7/2025;Cerrado con exito;victor.freire;Re: [Ticket#202507214700191] REALIZAR INFORME DE LAS PRUEBAS REALIZADAS DE OTOBO GESTIÓN DE CAMBIOS
202507154700340;15/7/2025;Cerrado con exito;victor.freire;Re: [Ticket#202507154700340] REALIZAR CURSO INTRODUCCIÓN A LOS DDHH
202507154700049;15/7/2025;Cerrado con exito;victor.freire;Re: [Ticket#202507154700049] ACTIVACION USUARIO - MORENO BARRERA
202507084700406;8/7/2025;Cerrado con exito;victor.freire;Re: [Ticket#202507084700406] REALIZAR MEMORANDO CON EVIDENCIA DE REPLICA DE CURSO
202507074700085;7/7/2025;Cerrado con exito;victor.freire;Re: [Ticket#202507074700085] REALIZAR REPLICA DE CONOCIMIENTOS CURSO CONTROL EN LA GESTIÓN ESTRATÉGICA Y OPERATIVA DE PROCESOS
202507034700067;3/7/2025;Cerrado con exito;victor.freire;Re: [Ticket#202507034700067] SUBIR A HERRAMIENTA GPR INFORMES TRIMESTRALES/SEMESTRALES DGTI
202507034700046;3/7/2025;Cerrado con exito;victor.freire;Re: [Ticket#202507034700046] REMITIR CERTIFICADO DE APROBACIÓN DE CURSO A TTHH
202507034700044;3/7/2025;Cerrado con exito;victor.freire;Re: [Ticket#202507034700044] REMITIR DOCUMENTOS A TTHH
202507024700488;2/7/2025;Cerrado con exito;victor.freire;Re: [Ticket#202507024700488] ACTUALIZAR DIAGRAMAS SIR Y CARGAR DOCUMENTO EN NEXTCLOUD
202507014700303;1/7/2025;Cerrado con exito;victor.freire;Re: [Ticket#202507014700303] CREACION DE USUARIOS
202506304700202;30/6/2025;Cerrado con exito;victor.freire;Re: [Ticket#202506304700202] CURSO CONTROL EN LA GESTIÓN ESTRATÉGICA Y OPERATIVA DE PROCESOS
202506304700200;30/6/2025;Cerrado con exito;victor.freire;Re: [Ticket#202506304700200] REALIZAR RESPUESTA MEMORANDO DIGERCIC-CGAJ.DAJ-2025-0130-M
202506304700199;30/6/2025;Cerrado con exito;victor.freire;Re: [Ticket#202506304700199] REALIZAR INFORME GPR SEMESTRAL DE RIESGOS
202506304700197;30/6/2025;Cerrado con exito;victor.freire;Re: [Ticket#202506304700197] REALIZAR INFORME GPR TRIMESTRAL UAYP
202506304700196;30/6/2025;Cerrado con exito;victor.freire;Re: [Ticket#202506304700196] REALIZAR INFORME GPR SEMESTRAL UAYP
202506304700180;30/6/2025;Cerrado con exito;victor.freire;Re: [Ticket#202506304700180] REALIZAR PRUEBAS GESTION DE CAMBIOS OTOBO
202506304700178;30/6/2025;Cerrado con exito;victor.freire;Re: [Ticket#202506304700178] REALIZAR RECORDATORIO HITOS A REPORTAR GPR DGTI PRIMER SEMESTRE 2025
202506304700177;30/6/2025;Cerrado con exito;victor.freire;Re: [Ticket#202506304700177] Responder memorando DIGERCIC-CGTIC.DGT-2025-0234-M
202506104700041;10/6/2025;Cerrado con exito;victor.freire;Re: [Ticket#202506104700041] Realizar respuesta a memorando DIGERCIC-CGTIC.DGT-2025-0211-M
202506104700015;10/6/2025;Cerrado con exito;victor.freire;Re: [Ticket#202506104700015] Recordatorio Indicadores Procedimientos, Objetivos Operativos y Riesgos de la DGTI a reportar en la  [...]
202505224700079;22/5/2025;Cerrado con exito;victor.freire;Re: [Ticket#202505224700079] Asistencia reunión Comité Técnico de Normalización TIC
202505194700142;19/5/2025;Cerrado con exito;victor.freire;Re: [Ticket#202505194700142] Solicitud de creación de credenciales en el Sistema GPR para Santiago Miranda
202505064700160;6/5/2025;Cerrado con exito;victor.freire;Re: [Ticket#202505064700160] REALIZAR PLANES DE ACCIÓN DE 45 Y 60 DIAS
202505064700065;6/5/2025;Cerrado con exito;victor.freire;Re: [Ticket#202505064700065] ACTUALIZAR/FIRMAR PERFIL PROYECTO SISTEMA UNIFICADO Y BASE DE DATOS UNICA
202505064700063;6/5/2025;Cerrado con exito;victor.freire;Re: [Ticket#202505064700063] ACTUALIZAR INFORME GESTIÓN CUATRIMESTRAL DGTI
202505064700057;6/5/2025;Cerrado con exito;victor.freire;Re: [Ticket#202505064700057] REVISAR/ACTUALIZAR MATRIZ DE PLAN DE ACCIÓN CUMPLIMIENTO RECOMENDACIONES 23 Y 24 DEL INFORME DNA1-00 [...]
202505064700054;6/5/2025;Cerrado con exito;victor.freire;Re: [Ticket#202505064700054] REALIZAR MATRIZ INICIATIVA PROYECTOS INVERSIÓN PUBLICA
202505064700053;6/5/2025;Cerrado con exito;victor.freire;Re: [Ticket#202505064700053] REVISAR/REALIZAR RESPUESTA MEMORANDO DIGERCIC-CGPGE-2025-0318-M:Recordatorio envío de ficha de inici [...]
202504294700235;29/4/2025;Cerrado con exito;victor.freire;Re: [Ticket#202504294700235] CARGA INFORMACIÓN PROCESO DE CONTRATACIÓN DEL SERVICIO DE ARRENDAMIENTO DE EQUIPOS MULTIFUNCIÓN (IMP [...]
202504294700234;29/4/2025;Cerrado con exito;victor.freire;Re: [Ticket#202504294700234] ACTUALIZAR PERFIL DE PROYECTO PROCESO DE CONTRATACIÓN DEL SERVICIO DE ARRENDAMIENTO DE EQUIPOS MULTI [...]
202504294700233;29/4/2025;Cerrado con exito;victor.freire;Re: [Ticket#202504294700233] ASESORIA PROCESO DE CONTRATACIÓN DEL SERVICIO DE ARRENDAMIENTO DE EQUIPOS MULTIFUNCIÓN (IMPRESORAS)  [...]
202504244700259;24/4/2025;Cerrado con exito;victor.freire;Re: [Ticket#202504244700259] APOYO PARA ELABORACION DE INFORME DE BIENES DEL CONTRATO SEDIP CON OBSERVACIONES EN SU LIQUIDACION E [...]
202504244700258;24/4/2025;Cerrado con exito;victor.freire;Re: [Ticket#202504244700258] Revisión del Informe de Justificación de la Necesidad – Contratación del Servicio de Web Application [...]
202504244700257;24/4/2025;Cerrado con exito;victor.freire;Re: [Ticket#202504244700257] REALIZZAR BORRADOR PERFIL PROYECTO BASE DE DATOS UNICA
202504164700220;16/4/2025;Cerrado con exito;victor.freire;Re: [Ticket#202504164700220] SOLICITUD DE REVISION DE INFORME E INDICE PARA CUMPLIMIENTO DE RECOMENDACIONES DE LA CONTRALORIA
202504164700218;16/4/2025;Cerrado con exito;victor.freire;Re: [Ticket#202504164700218] CARGA DOCUMENTACION EN ALFRESCO POR OBSERVACIONES A CUMPLIMIENTO RECOMENDACION 23 Y 24 DEL INFORME D [...]
202504164700217;16/4/2025;cerrado, no cumple requisitos;victor.freire;Re: [Ticket#202504164700217] APOYO PARA REVISION DOCUMENTOS DEL SEXTO PERIODO DE MANTENIMIENTO DEL CONTRATO No.LPI-DIGERCIC-02-20 [...]
202504164700215;16/4/2025;Cerrado con exito;victor.freire;Re: [Ticket#202504164700215] REALIZAR REVISIÓN Y DOCUMENTACIÓN PARA PAGO MEDIACIÓN SEDIP COMPLEMENTARIO
202504114700037;11/4/2025;Cerrado con exito;victor.freire;Re: [Ticket#202504114700037] ACTUALIZAR INFORME DE ARQUITECTURA SIR
202504114700033;11/4/2025;Cerrado con exito;victor.freire;Re: [Ticket#202504114700033] CARGAR DIAGRAMAS CEDULA DIGITAL
202504084700241;8/4/2025;Cerrado con exito;victor.freire;Re: [Ticket#202504084700241] ACTUALIZAR INFORME DE ARQUITECTURA CEDULA DIGITAL
202504074700025;7/4/2025;Cerrado con exito;victor.freire;Re: [Ticket#202504074700025] SUBIR A HERRAMIENTA GPR INFORMES TRIMESTRALES DGTI
202504044700194;4/4/2025;Cerrado con exito;victor.freire;Re: [Ticket#202504044700194] REALIZAR INFORME GPR TRIMESTRAL UAYP
202504014700146;1/4/2025;Cerrado con exito;victor.freire;Re: [Ticket#202504014700146] REALIZAR MEMORANDOS DE SOLICITUD DE INSUMOS PARA PROYECTO BDU
202503274700017;27/3/2025;Cerrado con exito;victor.freire;Re: [Ticket#202503274700017] CARGA DOCUMENTACIÓN ALFRESCO CONTRATO LPI-DICERGIC-02-2019
202503264700267;26/3/2025;Cerrado con exito;victor.freire;Re: [Ticket#202503264700267] REVISAR ESTRUCTURA ALFRESCO CONTRATO LPI-DICERGIC-02-2019
202503264700265;26/3/2025;Cerrado con exito;victor.freire;Re: [Ticket#202503264700265] REVISAR/REALIZAR FORMATO F05V01-PRO-PGE-PLI-005 DIAGNÓSTICO PROYECTO DE IMPLEMENTACIÓN SISTEMA UNIFI [...]
202503264700069;26/3/2025;Cerrado con exito;victor.freire;Re: [Ticket#202503264700069] REVISAR/ACTUALIZAR INFORME Detalle de información del expediente de gestión del contrato No.LPI-DIGE [...]
202503204700179;20/3/2025;Cerrado con exito;victor.freire;Re: [Ticket#202503204700179] ACTUALIZAR PERFIL DE PROYECTO SISTEMA SIR
202503204700176;20/3/2025;Cerrado con exito;victor.freire;Re: [Ticket#202503204700176] RECOLECCIÓN DE DIAGRAMAS ACTUALIZADOS PARA ATENCIÓN MEMORANDO DIGERCIC-CGTIC.DSI-2025-0395-M: SOLICI [...]
202503204700172;20/3/2025;Cerrado con exito;victor.freire;Re: [Ticket#202503204700172] REMITIR DOCUMENTO DE APROBACIÓN DE VIABILIDAD TÉCNICA DEL PROCESO DE CONTRATACIÓN DEL SERVICIO DE AR [...]
202503204700170;20/3/2025;Cerrado con exito;victor.freire;Re: [Ticket#202503204700170] ATENCION MEMORANDO DIGERCIC-CGTIC.DSI-2025-0395-M: SOLICITUD DE DIAGRAMAS DE LOS SISTEMAS INSTITUCIO [...]
202503204700166;20/3/2025;Cerrado con exito;victor.freire;Re: [Ticket#202503204700166] REALIZAR CARGA DE INFORMACIÓN Y DOCUMENTACIÓN DEL PROCESO DE CONTRATACIÓN DEL SERVICIO DE ARRENDAMIE [...]
202503194700047;19/3/2025;Cerrado con exito;victor.freire;Re: [Ticket#202503194700047] DESACTIVACIÓN VALLE LOPEZ
202503194700038;19/3/2025;Cerrado con exito;victor.freire;Re: [Ticket#202503194700038] ACTIVACION USUARIO - VILLALBA FLOR
202503194700026;19/3/2025;Cerrado con exito;victor.freire;Re: [Ticket#202503194700026] DESACTIVACIÓN USUARIOS - ZAMBRANO VITE
202503194700023;19/3/2025;cerrado, no cumple requisitos;victor.freire;Re: [Ticket#202503194700023] DESACTIVACION DE USUARIOS PAILLACHO ANCHALI JENNY ELIZABETH
202503194700019;19/3/2025;cerrado, no cumple requisitos;victor.freire;Re: [Ticket#202503194700019] DESACTIVACION USUARIOS - PORTILLA - JAHUACO
202503194700018;19/3/2025;Cerrado con exito;victor.freire;Re: [Ticket#202503194700018] REALIZAR PERFIL DE PROYECTO PROCESO DE CONTRATACIÓN DEL SERVICIO DE ARRENDAMIENTO DE EQUIPOS MULTIFU [...]
202503194700016;19/3/2025;Cerrado con exito;victor.freire;Re: [Ticket#202503194700016] ASESORIA PROCESO DE CONTRATACIÓN DEL SERVICIO DE ARRENDAMIENTO DE EQUIPOS MULTIFUNCIÓN (IMPRESORAS)  [...]
202503114700033;11/3/2025;cerrado, no cumple requisitos;victor.freire;Re: [Ticket#202503114700033] DESACTIVACIÓN USARIO D'AMICO ALESSANDRA
202503114700031;11/3/2025;cerrado, no cumple requisitos;victor.freire;Re: [Ticket#202503114700031] DESACTIVACION USUARIOS - PESANTEZ Y VALLADARES
202503064700203;6/3/2025;Cerrado con exito;victor.freire;Re: [Ticket#202503064700203] DESACTIVACIÓN USUARIO GPR VEINTIMILLA SALGUERO ADRIAN VLADIMIR
202503064700202;6/3/2025;Cerrado con exito;victor.freire;Re: [Ticket#202503064700202] REVISIÓN MATRIZ DESACTIVACIÓN USUARIOS 28/02/24
202503064700069;6/3/2025;Cerrado con exito;victor.freire;Re: [Ticket#202503064700069] DESACTIVACIÓN USUARIO GPR ZAMBRANO CEVALLOS MARIA DE LOS ANGELES
202503054700068;5/3/2025;Cerrado con exito;victor.freire;Re: [Ticket#202503054700068] DESACTIVACIÓN USUARIO GPR SÁNCHEZ PILLCO PAOLA FERNANDA
202502254700254;25/2/2025;Cerrado con exito;victor.freire;Re: [Ticket#202502254700254] REALIZAR CAMBIO PATROCINADOR EN GPR DGTI
202502254700249;25/2/2025;cerrado, no cumple requisitos;victor.freire;Re: [Ticket#202502254700249] ASISTENCIA REUNIÓN PETIC
202502254700246;25/2/2025;Cerrado con exito;victor.freire;Re: [Ticket#202502254700246] ACTIVACION USUARIO GPR ESPIN BRIONES CARLOS ENRIQUE DIRECTOR INFRAESTRUCTURA
202502254700245;25/2/2025;Cerrado con exito;victor.freire;Re: [Ticket#202502254700245] ACTIVACION USUARIO GPR FAUSTO JALON COORDINADOR DE TECNOLOGIAS DE INFORMACIÓN
202502254700244;25/2/2025;Cerrado con exito;victor.freire;Re: [Ticket#202502254700244] DESACTIVACIÓN USUARIO GPR FAUSTO JALON
202502254700242;25/2/2025;Cerrado con exito;victor.freire;Re: [Ticket#202502254700242] SOLICITUD PLANIFICA ECUADOR ACTIVACION USUARIO GPR OQUENDO TORRES VICTOR ANDRES DIRECTOR DE PATROCIN [...]
202502254700241;25/2/2025;Cerrado con exito;victor.freire;Re: [Ticket#202502254700241] SOLICITUD PLANIFICA ECUADOR ACTIVACION USUARIO GPR RENTERIA LANDIVAR MARIA JOSE COORDINADORA GENERAL [...]
202502254700239;25/2/2025;Cerrado con exito;victor.freire;Re: [Ticket#202502254700239] ACTIVACION USUARIO GPR OQUENDO TORRES VICTOR ANDRES DIRECTOR DE PATROCINIO Y NORMATIVA
202502254700237;25/2/2025;Cerrado con exito;victor.freire;Re: [Ticket#202502254700237] ACTIVACION USUARIO GPR OLIVO CARRION MYRIAM ANDREA DIRECTORA DE ASESORIA JURIDICA
202502254700236;25/2/2025;Cerrado con exito;victor.freire;Re: [Ticket#202502254700236] ACTIVACION USUARIO GPR RENTERIA LANDIVAR MARIA JOSE COORDINADORA GENERAL DE ASESORIA JURIDICA
202502254700232;25/2/2025;Cerrado con exito;victor.freire;Re: [Ticket#202502254700232] DESACTIVACIÓN USUARIO GPR LLERENA VELEZ GABRIELA LISSETH
202502254700230;25/2/2025;Cerrado con exito;victor.freire;Re: [Ticket#202502254700230] DESACTIVACIÓN USUARIO GPR ZAVALA DIAZ MARIA DANIELA
202502254700229;25/2/2025;Cerrado con exito;victor.freire;Re: [Ticket#202502254700229] DESACTIVACIÓN USUARIO GPR MORENO PROAÑO VINICIO JAVIER
202502244700022;24/2/2025;Cerrado con exito;victor.freire;Re: [Ticket#202502244700022] DESACTIVACIÓN USUARIO GPR FILIAN GOMEZ MARGARITA DEL ROCIO
202502214700234;21/2/2025;Cerrado con exito;victor.freire;Re: [Ticket#202502214700234] REALIZAR INFORME DE ESTADO DE LAS RECOMENDACIONES 24 Y 25 DE LA CONTRALORIA
202502214700233;21/2/2025;Cerrado con exito;victor.freire;Re: [Ticket#202502214700233] REMITIR ACTAS FIRMADAS Y RETIRAR SUMINISTROS DGTI FEBRERO 2025
202502214700227;21/2/2025;Cerrado con exito;victor.freire;Re: [Ticket#202502214700227] REALIZAR INFORME SOBRE FACTIBILIDAD DE SOPORTE PARA SEDIP
202502214700225;21/2/2025;cerrado, no cumple requisitos;victor.freire;Re: [Ticket#202502214700225] DESACTIVACIÓN USUARIO GPR VILLEGAS CHAMBA LUIS ARMANDO
202502214700218;21/2/2025;Cerrado con exito;victor.freire;Re: [Ticket#202502214700218] DESACTIVACIÓN USUARIO GPR CORONEL VICUÑA UBALDO FABIAN
202502214700217;21/2/2025;Cerrado con exito;victor.freire;Re: [Ticket#202502214700217] ACTIVACIÓN USUARIO GPR COORDINADOR ZONAL 7 ALVAREZ MALDONADO JUAN CARLOS
202502214700215;21/2/2025;cerrado, no cumple requisitos;victor.freire;Re: [Ticket#202502214700215] DESACTIVACIÓN USUARIO GPR MORILLO TORRES CRISTIAN MARCELO
202502214700213;21/2/2025;Cerrado con exito;victor.freire;Re: [Ticket#202502214700213] ACTIVACIÓN USUARIO GPR DIRECTORA DE SERVICIOS DE IDENTIFICACIÓN Y CEDULACION ENRIQUEZ RODRIGUEZ MARI [...]
202502214700210;21/2/2025;Cerrado con exito;victor.freire;Re: [Ticket#202502214700210] ACTIVACIÓN USUARIO GPR DIRECTOR INVESTIGACION CIVIL Y MONITOREO CHAVEZ OÑA JORGE SANTIAGO
202502214700208;21/2/2025;Cerrado con exito;victor.freire;Re: [Ticket#202502214700208] Realizar respuesta a Memorando DIGERCIC-CGAF.DATH-2025-0765-M-Solicitud de pruebas de descargo
202502214700206;21/2/2025;Cerrado con exito;victor.freire;Re: [Ticket#202502214700206] Realizar respuesta a Memorando DIGERCIC-CGAF.DATH-2025-0702-M: Notificación de régimen disciplinario [...]
202502124700085;12/2/2025;Cerrado con exito;victor.freire;Re: [Ticket#202502124700085] SOLICITUD DE APOYO PARA REVISION DEL ESTADO DE LAS RECOMENDACIONES DE LA CONTRALORIA
202502124700084;12/2/2025;Cerrado con exito;victor.freire;Re: [Ticket#202502124700084] ACTIVACIÓN USUARIO GPR COORDINADORA ZONA 9 RAMIREZ HERRERIA PAMELA CAROLINA
202502064700101;6/2/2025;Cerrado con exito;victor.freire;Re: [Ticket#202502064700101] ACTIVACIÓN USUARIO GPR INTRIAGO SOLORZANO LEONARDO DANTE DIRECTOR/A DE COMUNICACIÓN SOCIAL
202502064700018;6/2/2025;Cerrado con exito;victor.freire;Re: [Ticket#202502064700018] DESACTIVACIÓN USUARIO GPR GUEVARA MARIN MAYRA ALEJANDRA
202502054700018;5/2/2025;Cerrado con exito;victor.freire;Re: [Ticket#202502054700018] DESACTIVACIÓN USUARIO GPR CALLE NARANJO MARIA ELENA
202502044700098;4/2/2025;Cerrado con exito;victor.freire;Re: [Ticket#202502044700098] REVISIÓN MATRIZ DESACTIVACIÓN USUARIOS 04/02/25
202502044700097;4/2/2025;Cerrado con exito;victor.freire;Re: [Ticket#202502044700097] REVISIÓN MATRIZ DESACTIVACIÓN USUARIOS 03/02/25
202502044700094;4/2/2025;Cerrado con exito;victor.freire;Re: [Ticket#202502044700094] REVISIÓN MATRIZ ACTIVACIÓN USUARIOS 3/02/25
202502044700091;4/2/2025;Cerrado con exito;victor.freire;Re: [Ticket#202502044700091] REALIZAR MEMORANDO PEDIDO SUMINISTROS FEBRERO 2025
202502044700086;4/2/2025;Cerrado con exito;victor.freire;Re: [Ticket#202502044700086] SOLICITUD DE CARGA DE INFORMACIÓN GPR - RIESGOS GPR 2025 (DGTI)
202502034700072;3/2/2025;Cerrado con exito;victor.freire;Re: [Ticket#202502034700072] DESACTIVACIÓN USUARIO GPR CHIRIBOGA MENA DIEGO FRANCISCO
202502034700070;3/2/2025;Cerrado con exito;victor.freire;Re: [Ticket#202502034700070] DESACTIVACIÓN USUARIO GPR AVENDAÑO MONTOYA DANIELA ALEJANDRA
202502034700056;3/2/2025;Cerrado con exito;victor.freire;Re: [Ticket#202502034700056] REALIZAR/SOLICITAR FIRMA DOCUMENTO PEDIDO SUMINISTROS FEBRERO 2025
202501314700225;31/1/2025;Cerrado con exito;victor.freire;Re: [Ticket#202501314700225] ACOMPAÑAMIENTO ENTREGA CAJAS CON DOCUMENTOS DE LOS 4 MANTENIMIENTOS CONTRATO SEDIP
202501314700178;31/1/2025;Cerrado con exito;victor.freire;Re: [Ticket#202501314700178] REVISIÓN MATRIZ DESACTIVACIÓN USUARIOS 31/01/25
202501304700077;30/1/2025;Cerrado con exito;victor.freire;Re: [Ticket#202501304700077] REVISIÓN MATRIZ DESACTIVACIÓN USUARIOS 27/01/25
202501304700074;30/1/2025;Cerrado con exito;victor.freire;Re: [Ticket#202501304700074] DESACTIVACIÓN USUARIO GPR CUVERO MIRANDA MARIO ANDRES COORDINADOR/A GENERAL DE SERVICIOS
202501304700070;30/1/2025;Cerrado con exito;victor.freire;Re: [Ticket#202501304700070] REVISIÓN MATRIZ DESACTIVACIÓN USUARIOS 28/01/25
202501274700339;27/1/2025;Cerrado con exito;victor.freire;Re: [Ticket#202501274700339] REALIZAR RESPUESTA A MEMORANDO DIGERCIC-CGPGE-2025-0032-M (CARGA GPR DGTI)
202501274700150;27/1/2025;Cerrado con exito;victor.freire;Re: [Ticket#202501274700150] SOLICITUD DE CARGA DE INFORMACIÓN GPR - PLAN ANUAL COMPROMETIDO PAC GPR 2025 (DGTI)
202501274700148;27/1/2025;Cerrado con exito;victor.freire;Re: [Ticket#202501274700148] ACTIVACIÓN USUARIO GPR ZAVALA DIAZ MARIA DANIELA DIRECTORA DE ASESORIA JURIDICA
202501234700105;23/1/2025;Cerrado con exito;victor.freire;Re: [Ticket#202501234700105] REALIZAR RESPUESTA A MEMORANDO DIGERCIC-CGAF.DATH-2025-0175-M
202501214700293;21/1/2025;Cerrado con exito;victor.freire;Re: [Ticket#202501214700293] Capacitación del contrato No.CGAJ-DAJ-CON-2024-005
202501214700292;21/1/2025;Cerrado con exito;victor.freire;Re: [Ticket#202501214700292] REVISIÓN MATRIZ DESACTIVACIÓN USUARIOS 20/01/25
202501214700291;21/1/2025;Cerrado con exito;victor.freire;Re: [Ticket#202501214700291] REVISIÓN MATRIZ DESACTIVACIÓN USUARIOS 17/01/25
202501214700280;21/1/2025;Cerrado con exito;victor.freire;Re: [Ticket#202501214700280] DESACTIVACIÓN USUARIO REYES BATALLAS MARIA JOSE
202501214700266;21/1/2025;Cerrado con exito;victor.freire;Re: [Ticket#202501214700266] REVISIÓN MATRIZ DESACTIVACIÓN USUARIOS 15/01/25
202501214700264;21/1/2025;cerrado, no cumple requisitos;victor.freire;Re: [Ticket#202501214700264] VERIFICACION DE DESACTIVACION DE USUARIO FLORES TARAMBIS ALVARO PATRICIO
202501214700260;21/1/2025;Cerrado con exito;victor.freire;Re: [Ticket#202501214700260] DESACTIVACIÓN USUARIO GPR CABRERA MAYANQUER ANDREA TATIANA DIRECTORA ASESORIA JURIDICA
202501204700189;20/1/2025;Cerrado con exito;victor.freire;Re: [Ticket#202501204700189] REALIZAR RESPUESTA A MEMORANDO DIGERCIC-CGAF.DATH-2025-0138-M
202501174700162;17/1/2025;Cerrado con exito;victor.freire;Re: [Ticket#202501174700162] Actualizar formulario VPN
202501174700040;17/1/2025;Cerrado con exito;victor.freire;Re: [Ticket#202501174700040] Autorización creación usuario GPR Andrea Garnica
202501134700018;13/1/2025;Cerrado con exito;victor.freire;Re: [Ticket#202501134700018] Elaborar informe del 4to semestre del 2024 (DGTI-UAYP)
202501134700016;13/1/2025;Cerrado con exito;victor.freire;Re: [Ticket#202501134700016] REVISAR Y SUBIR INFORMES DE RIESGOS GPR DGTI
202501084700071;8/1/2025;Cerrado con exito;victor.freire;Re: [Ticket#202501084700071] REVISAR Y SUBIR INFORMES GPR DGTI
202501064700344;6/1/2025;Cerrado con exito;victor.freire;Re: [Ticket#202501064700344] RESETEO CLAVE GPR MARIA JOSE REYES BATALLAS
202501064700027;6/1/2025;Cerrado con exito;victor.freire;Re: [Ticket#202501064700027] DESACTIVACIÓN USUARIO CISNEROS ALDEAN HENRY BLADIMIR COORDINADOR/A GENERAL DE PLANIFICACION Y GESTIO [...]
202501064700022;6/1/2025;cerrado, no cumple requisitos;victor.freire;Re: [Ticket#202501064700022] REVISIÓN MATRIZ DESACTIVACIÓN USUARIOS 31/12/24
202412274700194;27/12/2024;Cerrado con exito;victor.freire;Re: [Ticket#202412274700194] REALIZAR INFORMES GPR SEMESTRALES Y TRIMESTRALES DE UAYP
202412274700051;27/12/2024;Cerrado con exito;victor.freire;Re: [Ticket#202412274700051] REVISAR MATRIZ INDICE PARA EL CUARTO MANTENIMIENTO CONTRATO PRINCIPAL
202412274700050;27/12/2024;Cerrado con exito;victor.freire;Re: [Ticket#202412274700050] REVISAR MATRIZ INDICE PARA EL QUINTO MANTENIMIENTO CONTRATO PRINCIPAL
202412274700040;27/12/2024;Cerrado con exito;victor.freire;Re: [Ticket#202412274700040] RECOLECCIÓN DOCUMENTOS ELECTRÓNICOS PARA ACTA DE ACUERDO PARCIAL DE PAGO CONTRATO PRINCIPAL
202412274700038;27/12/2024;Cerrado con exito;victor.freire;Re: [Ticket#202412274700038] REVISAR MATRIZ INDICE PARA ACTA DE ACUERDO PARCIAL DE PAGO CONTRATO COMPLEMENTARIO
202412274700035;27/12/2024;Cerrado con exito;victor.freire;Re: [Ticket#202412274700035] REVISAR MATRIZ INDICE PARA ACTA DE ACUERDO PARCIAL DE PAGO CONTRATO PRINCIPAL
202412274700034;27/12/2024;Cerrado con exito;victor.freire;Re: [Ticket#202412274700034] REVISAR CARPETA FISICA Y ARCHIVOS DEL QUINTO MANTENIMIENTO SEDIP
202412274700033;27/12/2024;Cerrado con exito;victor.freire;Re: [Ticket#202412274700033] REVISAR CARPETA FISICA Y ARCHIVOS DEL CUARTO MANTENIMIENTO SEDIP
202412274700032;27/12/2024;Cerrado con exito;victor.freire;Re: [Ticket#202412274700032] REVISAR CARPETA FISICA Y ARCHIVOS DEL TERCER MANTENIMIENTO SEDIP
202412274700031;27/12/2024;Cerrado con exito;victor.freire;Re: [Ticket#202412274700031] REVISAR CARPETA FISICA Y ARCHIVOS DEL SEGUNDO MANTENIMIENTO SEDIP
202412274700030;27/12/2024;Cerrado con exito;victor.freire;Re: [Ticket#202412274700030] REVISAR CARPETA FISICA Y ARCHIVOS DEL PRIMER MANTENIMIENTO SEDIP
202412234700060;23/12/2024;Cerrado con exito;victor.freire;Re: [Ticket#202412234700060] RECOLECTAR FIRMAS INSUMOS DGTI
202412184700007;18/12/2024;cerrado, no cumple requisitos;victor.freire;Re: [Ticket#202412184700007] REACTIVACIÓN USUARIO GPR
202412184700006;18/12/2024;cerrado, no cumple requisitos;victor.freire;Re: [Ticket#202412184700006] REVISIÓN MATRICES DESACTIVACIÓN USUARIO GPR
202412104700242;10/12/2024;Cerrado con exito;victor.freire;Re: [Ticket#202412104700242] Realizar Levantamiento de Encuesta de Percepción del Nivel Jerárquico Superior - Dirección de Tecnol [...]
202412094700123;9/12/2024;Cerrado con exito;victor.freire;Re: [Ticket#202412094700123] DESACTIVACIÓN USUARIO GPR TORRES CARRERA MILTON DANIEL
202412094700067;9/12/2024;Cerrado con exito;victor.freire;Re: [Ticket#202412094700067] DESACTIVACIÓN USUARIO GPR POGO TORRES ANDREA DE LOURDES
202412054700173;5/12/2024;Cerrado con exito;victor.freire;Re: [Ticket#202412054700173] REALIZAR RESPUESTA MEMORANDO Notificación - Resolución No. 100-DIGERCIC-CGAJ-DAJ-2024.
202412054700172;5/12/2024;Cerrado con exito;victor.freire;Re: [Ticket#202412054700172] REALIZAR RESPUESTA MEMORANDO Notificación de régimen disciplinario - Acción de Personal Nro. DIGERCI [...]
202412054700137;5/12/2024;cerrado, no cumple requisitos;victor.freire;Re: [Ticket#202412054700137] DESACTIVACIÓN USUARIO GPR LIMA ENDARA
202412054700134;5/12/2024;cerrado, no cumple requisitos;victor.freire;Re: [Ticket#202412054700134] DESACTIVACIÓN USUARIOS DE ACUERDO A MATRIZ DEL 31-10-24
202412054700131;5/12/2024;Cerrado con exito;victor.freire;Re: [Ticket#202412054700131] ACTIVACIÓN USUARIO GPR JALON RUIZ FAUSTO ENRIQUE DIRECTOR DE INFRAESTRUCTURA Y OPERACIONES
202412054700106;5/12/2024;Cerrado con exito;victor.freire;Re: [Ticket#202412054700106] Evaluación del Servicio: Satisfacción en el servicio en Evaluación Proyectos TI
202411274700072;27/11/2024;Cerrado con exito;victor.freire;Re: [Ticket#202411274700072] REVISAR DOCUMENTACIÓN Y SUBIR A GOB.EC POR PROCESO SIMPLIFICADO DEL PROYECTO REPOTENCIACIÓN ABIS
202411274700070;27/11/2024;Cerrado con exito;victor.freire;Re: [Ticket#202411274700070] REALIZAR PERFIL DE PROYECTO REPOTENCIACIÓN SEDIP
202411224700052;22/11/2024;Cerrado con exito;victor.freire;Re: [Ticket#202411224700052] ASISTIR A REUNIÓN RECOMENDACIONES DEL OFICIO No. MINTEL-SGERC-2024-1193-O
202411224700045;22/11/2024;Cerrado con exito;victor.freire;Re: [Ticket#202411224700045] — REVISAR DOCUMENTACIÓN Y SUBIR AL SISTEMA CTI DEL PROYECTO ADQ
202411224700040;22/11/2024;Cerrado con exito;victor.freire;Re: [Ticket#202411224700040] DESACTIVACIÓN USUARIO GPR MAÑAY TIPANTUÑA
202411224700039;22/11/2024;Cerrado con exito;victor.freire;Re: [Ticket#202411224700039] REALIZAR OFICIO LAPSUS CALAMIS DOCUMENTACIÓN PROYECTO LICENCIAS ABIS
202411214700305;21/11/2024;Cerrado con exito;victor.freire;Re: [Ticket#202411214700305] ELABORACIÓN INFORME DE FACTIBILIDAD DE MIGRACIÓN ADQUISICIÓN DE LICENCIAS DE SOFTWARE PARA EL SISTEM [...]
202411214700302;21/11/2024;Cerrado con exito;victor.freire;Re: [Ticket#202411214700302] ELABORACIÓN PERFIL DE PROYECTO ADQUISICIÓN DE LICENCIAS DE SOFTWARE PARA EL SISTEMA DE IDENTIFICACIÓ [...]
202411184700043;18/11/2024;Cerrado con exito;victor.freire;Re: [Ticket#202411184700043] DESACTIVACIÓN USUARIO GPR CEVALLOS VELASQUEZ MARIUXI ELIZABETH
202411184700039;18/11/2024;Cerrado con exito;victor.freire;Re: [Ticket#202411184700039] DESACTIVACIÓN USUARIO GPR CORDOVA MONTERO PILAR DEL ROCIO
202411154700038;15/11/2024;cerrado, no cumple requisitos;victor.freire;Re: [Ticket#202411154700038] DESACTIVACIÓN USUARIO GPR SANCHEZ LUZARRAGA PAOLA ANDREA
202411154700036;15/11/2024;cerrado, no cumple requisitos;victor.freire;Re: [Ticket#202411154700036] DESACTIVACIÓN USUARIO GPR CEVALLOS VELASQUEZ MARIUXI ELIZABETH
202411114700160;11/11/2024;Cerrado con exito;victor.freire;Re: [Ticket#202411114700160] APOYO ADMINISTRATIVO SEDIP- REVISAR MATRIZ EQUIPOS ENTREGADOS
202411114700158;11/11/2024;Cerrado con exito;victor.freire;Re: [Ticket#202411114700158] ACTIVACIÓN USUARIO GPR MIRANDA LOOR VALERIA ISABEL
202411114700156;11/11/2024;Cerrado con exito;victor.freire;Re: [Ticket#202411114700156] DESACTIVACIÓN USUARIO GPR OJEDA HERNANDEZ DARWIN VICENTE
202411114700155;11/11/2024;Cerrado con exito;victor.freire;Re: [Ticket#202411114700155] DESACTIVACIÓN USUARIO GPR GONZALEZ SARANGO JORGE ENRIQUE, CAMINO CENTENO HECTOR PATRICIO, VASQUEZ PA [...]
202411114700153;11/11/2024;Cerrado con exito;victor.freire;Re: [Ticket#202411114700153] DESACTIVACIÓN USUARIO GPR LOFFREDO TERAN FIORELLA ANAHI
202411074700164;7/11/2024;cerrado, no cumple requisitos;victor.freire;Re: [Ticket#202411074700164] REVISAR MATRIZ DESACTIVACIÓN USUARIOS GPR OCTUBRE 2024
202411074700160;7/11/2024;Cerrado con exito;victor.freire;Re: [Ticket#202411074700160] ACTIVACIÓN USUARIO GPR COORDINADORA ZONAL 9 SANCHEZ PILLCO PAOLA FERNANDA
202411074700159;7/11/2024;Cerrado con exito;victor.freire;Re: [Ticket#202411074700159] DESACTIVACIÓN USUARIO GPR BENALCAZAR BENALCAZAR MARCO DANIEL COORDINADOR/A ZONAL 9
202411074700158;7/11/2024;Cerrado con exito;victor.freire;Re: [Ticket#202411074700158] DESACTIVACION USUARIO GPR GALLARDO SOLIS JOANNA MARICELA COORDINADOR/A DE OFICINA TECNICA
202411074700157;7/11/2024;cerrado, no cumple requisitos;victor.freire;Re: [Ticket#202411074700157] REVISAR MATRIZ DE SALIDAS DE FUNCIONARIOS OCTUBRE 2024
202410294700250;29/10/2024;Cerrado con exito;victor.freire;Re: [Ticket#202410294700250] REMITIR AVAL MINTEL PROYECTO SEDIP (COMPLEMENTARIO)
202410284700031;28/10/2024;cerrado, no cumple requisitos;victor.freire;Re: [Ticket#202410284700031] DESACTIVAR USUARIO GPR MOROCHO CARRERA EDISON RODOLFO
202410234700196;23/10/2024;Cerrado con exito;victor.freire;Re: [Ticket#202410234700196] REALIZAR INFORME DE POSIBLE FILTRACIÓN DE DATOS DE LA DIGERCIC EN FORO DE DARK WEB
202410214700272;21/10/2024;Cerrado con exito;victor.freire;Re: [Ticket#202410214700272] ASISTIR A CHARLA VIOLENCIA CONTRA LA MUJER
202410214700207;21/10/2024;Cerrado con exito;victor.freire;Re: [Ticket#202410214700207] REVISAR MATRIZ DE AUDITORIA REALIZADA A CNE
202410214700204;21/10/2024;Cerrado con exito;victor.freire;Re: [Ticket#202410214700204] REALIZAR PERFIL DE PROYECTO FORMATO MINTEL SERVICIOS GENERALES CNT
202410214700201;21/10/2024;Cerrado con exito;victor.freire;Re: [Ticket#202410214700201] SOLICITAR A LA UNIDAD DE REDES INCLUIR EN EL LISTADO DE INSTITUCIONES LAS IPS PUBLICAS
202410214700198;21/10/2024;Cerrado con exito;victor.freire;Re: [Ticket#202410214700198] SOLICITAR A LA UNIDAD DE INTEROPERABILIDAD RESULTADO DE CONSULTAS SOBRE 12 CÉDULAS
202410214700197;21/10/2024;Cerrado con exito;victor.freire;Re: [Ticket#202410214700197] SOLICITAR A LA UNIDAD DE INTEROPERABILIDAD RESULTADO DE CONSULTAS SOBRE 6 CÉDULAS
202410214700195;21/10/2024;Cerrado con exito;victor.freire;Re: [Ticket#202410214700195] REVISAR/ACTUALIZAR INFORME FILTRACIÓN DE DATOS DIGERCIC REPORTADO POR ECUCERT
202410214700191;21/10/2024;Cerrado con exito;victor.freire;Re: [Ticket#202410214700191] REVISAR FIRMA INFORME EVALUACIÓN DE RIESGOS SECRETERIA TÉCNICA DE DESNUTRICIÓN
202410214700186;21/10/2024;Cerrado con exito;victor.freire;Re: [Ticket#202410214700186] REALIZAR AUDITORIA EGSI A CNE
202410154700059;15/10/2024;Cerrado con exito;victor.freire;Re: [Ticket#202410154700059] ASISTIR A REUNIÓN REVISIÓN CHECKLIST CONTROLES A CONVENIO CON CNE
202410144700137;14/10/2024;Cerrado con exito;victor.freire;Re: [Ticket#202410144700137] DESACTIVACIÓN USUARIO GPR VASQUEZ CASTRO GUILLERMO SANTIAGO
202410144700024;14/10/2024;Cerrado con exito;victor.freire;Re: [Ticket#202410144700024] SEGUNDA REVISIÓN TDR SERVICIOS PROFESIONALES DESARROLLO DE SOFTWARE
202410144700018;14/10/2024;Cerrado con exito;victor.freire;Re: [Ticket#202410144700018] REVISAR/ELABORAR MATRIZ PARA CONTROL DE SEGURIDAD DE SEGURIDAD Y BUEN USO DE LA INFORMACIÓN - CNE
202410144700016;14/10/2024;Cerrado con exito;victor.freire;Re: [Ticket#202410144700016] ELABORAR PERFIL DE PROYECTO SERVICIOS GENERALES DE CENTRO DE DATOS, CONECTIVIDAD Y COMPONENTES A NIV [...]
202410074700093;7/10/2024;Cerrado con exito;victor.freire;Re: [Ticket#202410074700093] REALIZAR ARBOL DE PROBLEMAS DE LA DGTI
202410074700091;7/10/2024;Cerrado con exito;victor.freire;Re: [Ticket#202410074700091] Revisar y subir a GPR los indicadores de la DGTI (Jul-Sept 2024)
202410074700086;7/10/2024;Cerrado con exito;victor.freire;Re: [Ticket#202410074700086] Registro de evidencia GAC-252
202410074700083;7/10/2024;Cerrado con exito;victor.freire;Re: [Ticket#202410074700083] Asistir a Capacitación NUEVAS DESTREZAS Y TÉCNICAS PARA AUDITORES YA CALIFICADOS
202410074700081;7/10/2024;Cerrado con exito;victor.freire;Re: [Ticket#202410074700081] Asistir a capacitación en la Norma ISO 37001 Anti-Soborno
202410074700079;7/10/2024;Cerrado con exito;victor.freire;Re: [Ticket#202410074700079] ELABORAR RESPUESTA MEMORANDO DIGERCIC-CGAF.DATH-2024-2110-M
202410074700076;7/10/2024;Cerrado con exito;victor.freire;Re: [Ticket#202410074700076] ELABORAR RESPUESTA MEMORANDO DIGERCIC-CGAF.DATH-2024-2087-M
202410074700065;7/10/2024;Cerrado con exito;victor.freire;Re: [Ticket#202410074700065] Creación de Usuario GPR Bryan Cortez DIO
202410024700055;2/10/2024;Cerrado con exito;victor.freire;Re: [Ticket#202410024700055] DESACTIVAR USUARIO GPR CRIOLLO CHAVEZ DANILO SANTIAGO
202410024700048;2/10/2024;Cerrado con exito;victor.freire;Re: [Ticket#202410024700048] REALIZAR/ACTUALIZAR PERFIL PROYECTO CÉDULA DIGITAL
202410024700047;2/10/2024;Cerrado con exito;victor.freire;Re: [Ticket#202410024700047] REALIZAR Y REMITIR INFORME GPR TRIMESTRAL PERFILES DE PROYECTO
202410024700045;2/10/2024;Cerrado con exito;victor.freire;Re: [Ticket#202410024700045] DESACTIVACIÓN USUARIO GPR DIRECTOR DE INFRAESTRUCTURA Steven Isaac Santillan Padilla
202410024700041;2/10/2024;Cerrado con exito;victor.freire;Re: [Ticket#202410024700041] REVISIÓN MATRIZ DESACTIVACIÓN USUARIOS 30/09/24
202409174700112;17/9/2024;Cerrado con exito;victor.freire;Re: [Ticket#202409174700112] ASISTIR REUNIÓN PROPUESTA NUEVO SWITCH BANCARIO
202409174700107;17/9/2024;Cerrado con exito;victor.freire;Re: [Ticket#202409174700107] REVISAR PROPUESTA NUEVO SWITCH BANCARIO
202409174700104;17/9/2024;Cerrado con exito;victor.freire;Re: [Ticket#202409174700104] REVISAR CRONOGRAMA PROYECTO SURI 4.0
202409114700075;11/9/2024;Cerrado con exito;victor.freire;Re: [Ticket#202409114700075] ACTIVACIÓN USUARIO GPR GARNICA ROJAS ANDREA CRISTINA
202409114700013;11/9/2024;cerrado, no cumple requisitos;victor.freire;Re: [Ticket#202409114700013] REVISIÓN MATRIZ DESACTIVACIÓN USUARIOS 10/09/24
202409104700146;10/9/2024;Cerrado con exito;victor.freire;Re: [Ticket#202409104700146] REVISIÓN MATRIZ DESACTIVACIÓN USUARIOS 09/09/24
202409094700213;9/9/2024;Cerrado con exito;victor.freire;Re: [Ticket#202409094700213] ACTIVACIÓN USUARIO GPR Diana Alexandra Estrella Pincay (BIENES)
202409054700087;5/9/2024;Cerrado con exito;victor.freire;Re: [Ticket#202409054700087] REVISAR TDR SERVICIOS PROFESIONALES
202409044700039;4/9/2024;Cerrado con exito;victor.freire;Re: [Ticket#202409044700039] DESACTIVACIÓN USUARIO GPR EX DIRECTOR SERVICIOS IDENTIFICACIÓN Y CEDULACIÓN
202409044700037;4/9/2024;Cerrado con exito;victor.freire;Re: [Ticket#202409044700037] ACTIVACIÓN USUARIO GPR DIRECTOR SERVICIOS IDENTIFICACIÓN Y CEDULACIÓN ACOSTA FLORES MARCO JAVIER
202409034700196;3/9/2024;Cerrado con exito;victor.freire;Re: [Ticket#202409034700196] REVISAR MATRIZ DE SALIDAS DE FUNCIONARIOS AGOSTO/SEPTIEMBRE 2024
202409024700410;2/9/2024;Cerrado con exito;victor.freire;Re: [Ticket#202409024700410] REVISIÓN MATRIZ INGRESOS SEPTIEMBRE 2024
202409024700096;2/9/2024;Cerrado con exito;victor.freire;Re: [Ticket#202409024700096] DESACTIVACIÓN USUARIO GPR CARTAGENA TAPIA EDUARDO RAFAEL
202409024700093;2/9/2024;Cerrado con exito;victor.freire;Re: [Ticket#202409024700093] REVISIÓN MATRICES DE DESVINCULACIÓN AGOSTO 2024
202408284700232;28/8/2024;Cerrado con exito;victor.freire;Re: [Ticket#202408284700232] ACTIVAR USUARIO GPR EDGAR NIETO 1312467713
202408274700292;27/8/2024;Cerrado con exito;victor.freire;Re: [Ticket#202408274700292] REVISAR/ACTUALIZAR INFORME SITUACIÓN ACTUAL DGTI AGOSTO 2024
202408264700017;26/8/2024;Cerrado con exito;victor.freire;Re: [Ticket#202408264700017] DESACTIVACIÓN USUARIO GPR CRUZ HERNANDEZ JAIRO MAURICIO
202408264700015;26/8/2024;Cerrado con exito;victor.freire;Re: [Ticket#202408264700015] DESACTIVACIÓN USUARIO GPR ANGUIETA TOBAR JAVIER EDISON
202408164700208;16/8/2024;cerrado, no cumple requisitos;victor.freire;Re: [Ticket#202408164700208] DESACTIVACIÓN USUARIO GPR PUENTE AYALA AIDA MAGDALENA
202408164700115;16/8/2024;cerrado, no cumple requisitos;victor.freire;Re: [Ticket#202408164700115] DESACTIVACIÓN USUARIO GPR DAVILA CERVANTES JAIME ANDRES
202408154700468;15/8/2024;cerrado, no cumple requisitos;victor.freire;Re: [Ticket#202408154700468] DESACTIVACIÓN USUARIO GPR TORRES GUIJARRO VINUEZA ALEJANDRA ISABEL
202408154700466;15/8/2024;cerrado, no cumple requisitos;victor.freire;Re: [Ticket#202408154700466] DESACTIVACIÓN USUARIO GPR TORRES CADENA VICTOR HUGO
202408124700242;12/8/2024;Cerrado con exito;victor.freire;Re: [Ticket#202408124700242] REALIZAR/ACTUALIZAR PERFIL PROYECTO AGENCIA VIRTUAL
202408124700241;12/8/2024;Cerrado con exito;victor.freire;Re: [Ticket#202408124700241] REALIZAR/ACTUALIZAR INFORME DE ARQUITECTURA AGENCIA VIRTUAL
202408124700239;12/8/2024;Cerrado con exito;victor.freire;Re: [Ticket#202408124700239] REVISAR EN REPOSITORIO NEXTCLOUD LOS DICCIONARIOS DE DATOS EXISTENTES DE LOS SISTEMAS
202408074700084;7/8/2024;Cerrado con exito;victor.freire;Re: [Ticket#202408074700084] REVISAR Y FIRMAR ACTA DE SUMINISTROS JULIO 2024
202408074700034;7/8/2024;cerrado, no cumple requisitos;victor.freire;Re: [Ticket#202408074700034] REVISIÓN MATRIZ INGRESOS AGOSTO 2024
202408074700028;7/8/2024;Cerrado con exito;victor.freire;Re: [Ticket#202408074700028] DESACTIVACIÓN USUARIO DENNIS FLORES
202408074700027;7/8/2024;Cerrado con exito;victor.freire;Re: [Ticket#202408074700027] DESACTIVACIÓN USUARIO LUZURIAGA MILTON
202408074700015;7/8/2024;Cerrado con exito;victor.freire;Re: [Ticket#202408074700015] DESACTIVACIÓN USUARIO ABAD ALMEIDA
202408074700014;7/8/2024;Cerrado con exito;victor.freire;Re: [Ticket#202408074700014] DESACTIVACIÓN USUARIO CHACON INCA
202408074700012;7/8/2024;Cerrado con exito;victor.freire;Re: [Ticket#202408074700012] REVISIÓN MATRICES DE DESVINCULACIONES JULIO (FINAL DE MES)
202407264700020;26/7/2024;Cerrado con exito;victor.freire;Re: [Ticket#202407264700020] DESACTIVACIÓN USUARIO GPR QUIROZ PIN FLOR MARIA
202407264700019;26/7/2024;Cerrado con exito;victor.freire;Re: [Ticket#202407264700019] DESACTIVACIÓN USUARIO GPR BERMUDEZ MALDONADO ANGEL ANDRES
202407244700021;24/7/2024;Cerrado con exito;victor.freire;Re: [Ticket#202407244700021] DESACTIVACIÓN USUARIO GPR SOTOMAYOR ORTIZ EVELYN SOFIA
202407224700114;22/7/2024;Cerrado con exito;victor.freire;Re: [Ticket#202407224700114] DESACTIVACIÓN USUARIO GPR TORRES CHAVEZ DIANA CAROLINA
202407194700203;19/7/2024;Cerrado con exito;victor.freire;Re: [Ticket#202407194700203] REVISAR/SUBIR EVIDENCIAS PARA PROEXCE (Julio 2024)
202407194700202;19/7/2024;Cerrado con exito;victor.freire;Re: [Ticket#202407194700202] Acta Reunión 16-07-2024 Evidencias Proexce (Reunión realizada)
202407194700199;19/7/2024;Cerrado con exito;victor.freire;Re: [Ticket#202407194700199] acta 453 f 07
202407194700173;19/7/2024;Cerrado con exito;victor.freire;Re: [Ticket#202407194700173] Solicitud de suscripción del acta de riesgo
202407124700074;12/7/2024;Cerrado con exito;victor.freire;Re: [Ticket#202407124700074] REALIZAR/ACTUALIZAR PERFIL DE PROYECTO SURI ACTUAL
202407124700073;12/7/2024;Cerrado con exito;victor.freire;Re: [Ticket#202407124700073] REALIZAR/ACTUALIZAR INFORME DE ARQUITECTURA SURI ACTUAL
202407104700054;10/7/2024;Cerrado con exito;victor.freire;Re: [Ticket#202407104700054] DESACTIVACIÓN USUARIO GPR CINDY CEDEÑO
202407094700065;9/7/2024;Cerrado con exito;victor.freire;ACTIVACIÓN USUARIO GPR COORDINADORA ZONAL 8 YULAN BAQUERIZO ANGELA KARLA
202407094700041;9/7/2024;Cerrado con exito;victor.freire;Re: [Ticket#202407094700041] AGENDAR REUNIÓN REVISAR EVIDENCIA DE ACCIONES REALIZADAS PARA PROEXCE
202407084700067;8/7/2024;Cerrado con exito;victor.freire;REVISAR Y REMITIR RESPUESTAS A COMENTARIOS REALIZADOS EN INFORME DE ARQUITECTURA
202407054700188;5/7/2024;Cerrado con exito;victor.freire;REALIZAR LA GESTIÓN PARA SUMINISTROS DE LA DGTI JULIO 2024
202407034700231;3/7/2024;Cerrado con exito;victor.freire;REALIZAR MATRIZ CON REQUERIMIENTOS, QUIPUX ATENDIDOS ENERO A JUNIO 2024 UAYP
202407034700216;3/7/2024;Cerrado con exito;victor.freire;SOLICITAR EVIDENCIA AL ADMINISTRADOR SEDIP PARA ACCIONES DE MEJORA PROEXCE
202407034700215;3/7/2024;Cerrado con exito;victor.freire;SOLICITAR EVIDENCIA A SEGURIDAD INFORMÁTICA PARA ACCIONES DE MEJORA PROEXCE
202407034700212;3/7/2024;Cerrado con exito;victor.freire;REALIZAR INFORME GPR RIESGOS Realizar una priorización de proyectos institucionales por parte de los Directivos de la CGTIC
202407034700211;3/7/2024;Cerrado con exito;victor.freire;REALIZAR INFORME GPR PORCENTAJE DE ASESORIAS REALIZADAS UAYP
202407034700209;3/7/2024;Cerrado con exito;victor.freire;REALIZAR INFORME GPR PORCENTAJE DE PERFILES DE PROYECTO REALIZADOS UAYP
202407034700208;3/7/2024;Cerrado con exito;victor.freire;REALIZAR INFORME GPR PORCENTAJE DE INFORMES DE ARQUITECTURA REALIZADOS UAYP
202407014700206;1/7/2024;Cerrado con exito;victor.freire;Usuario activado
202407014700205;1/7/2024;Cerrado con exito;victor.freire;Matriz revisada
202407014700108;1/7/2024;Cerrado con exito;victor.freire;REALIZAR INFORMES GPR UNIDAD DE ARQUITECTURA Y PROYECTOS
202407014700107;1/7/2024;Cerrado con exito;victor.freire;Re: [Ticket#202407014700107] RECOLECTAR EVIDENCIA DE ACCIONES REALIZADAS PARA PROEXCE
202407014700106;1/7/2024;Cerrado con exito;victor.freire;Usuario desactivado
202407014700104;1/7/2024;Cerrado con exito;victor.freire;Usuario desactivado
202407014700100;1/7/2024;Cerrado con exito;victor.freire;Usuario desactivado
202407014700098;1/7/2024;Cerrado con exito;victor.freire;Matriz revisada
202406244700213;24/6/2024;Cerrado con exito;victor.freire;Informe realizado y remitido
202406244700212;24/6/2024;Cerrado con exito;victor.freire;Informe realizado y remitido
202406244700210;24/6/2024;Cerrado con exito;victor.freire;Re: [Ticket#202406244700210] ACTUALIZAR PERFIL PROYECTO SISTEMA REVIT NACIMIENTOS
202406244700209;24/6/2024;Cerrado con exito;victor.freire;Re: [Ticket#202406244700209] ACTUALIZAR INFORME ARQUITECTURA SISTEMA REVIT NACIMIENTOS
202406214700028;21/6/2024;Cerrado con exito;victor.freire;Correo enviado
202406214700025;21/6/2024;Cerrado con exito;victor.freire;Correo enviado
202406214700020;21/6/2024;Cerrado con exito;victor.freire;Usuario desactivado
202406184700107;18/6/2024;Cerrado con exito;victor.freire;Usuario activado
202406184700106;18/6/2024;Cerrado con exito;victor.freire;Usuario activado
202406174700095;17/6/2024;Cerrado con exito;victor.freire;Usuario activado
202406174700087;17/6/2024;Cerrado con exito;victor.freire;Usuario activado
202406174700084;17/6/2024;Cerrado con exito;victor.freire;Usuario activado
202406174700083;17/6/2024;Cerrado con exito;victor.freire;Usuario desactivado
202406134700182;13/6/2024;Cerrado con exito;victor.freire;Gestión realizada, carpeta creada
202406124700070;12/6/2024;Cerrado con exito;victor.freire;Evidencias revisadas y remitidas
202406104700107;10/6/2024;Cerrado con exito;victor.freire;Informe realizado y remitido
202406104700100;10/6/2024;Cerrado con exito;victor.freire;Matriz revisada y remitida
202406104700095;10/6/2024;Cerrado con exito;victor.freire;Usuario desactivado
202406104700092;10/6/2024;Cerrado con exito;victor.freire;Usuario activado
202406104700091;10/6/2024;Cerrado con exito;victor.freire;Usuario activado
202406104700089;10/6/2024;Cerrado con exito;victor.freire;Usuario activado
202406104700088;10/6/2024;Cerrado con exito;victor.freire;Matriz revisada
202406104700076;10/6/2024;Cerrado con exito;victor.freire;Usuario desactivado
202406104700075;10/6/2024;Cerrado con exito;victor.freire;Usuario desactivado
202405224700025;22/5/2024;Cerrado con exito;victor.freire;Usuario desactivado
202405174700020;17/5/2024;Cerrado con exito;victor.freire;Formularios adjuntados a ticket
202405174700014;17/5/2024;Cerrado con exito;victor.freire;Informe actualizado
202405174700013;17/5/2024;Cerrado con exito;victor.freire;Informe actualizado
202405174700010;17/5/2024;Cerrado con exito;victor.freire;Perfil realizado y remitido
202405174700009;17/5/2024;Cerrado con exito;victor.freire;Informe actualizado
202405174700007;17/5/2024;Cerrado con exito;victor.freire;Informe actualizado
202405144700017;14/5/2024;Cerrado con exito;victor.freire;Diagramas realizados
202405084700320;8/5/2024;Cerrado con exito;victor.freire;Usuarios desactivados
202405084700316;8/5/2024;Cerrado con exito;victor.freire;Usuarios desactivados
202405014700109;1/5/2024;Cerrado con exito;victor.freire;Usuario creado
202405014700107;1/5/2024;Cerrado con exito;victor.freire;Usuarios desactivados
202404294700012;29/4/2024;Cerrado con exito;victor.freire;Autorización remitida
202404244700257;24/4/2024;Cerrado con exito;victor.freire;Diagrama remitido
202404244700223;24/4/2024;Cerrado con exito;victor.freire;Usuario activado
202404234700069;23/4/2024;Cerrado con exito;victor.freire;Usuario activado
202404224700113;22/4/2024;Cerrado con exito;victor.freire;Usuario activado
202404224700051;22/4/2024;Cerrado con exito;victor.freire;Usuario activado
202404224700045;22/4/2024;Cerrado con exito;victor.freire;Usuario desactivado
202404154700060;15/4/2024;Cerrado con exito;victor.freire;Usuario activado
202404154700052;15/4/2024;Cerrado con exito;victor.freire;Usuario activado
202404154700022;15/4/2024;Cerrado con exito;victor.freire;Recordatorio realizado
202404154700021;15/4/2024;Cerrado con exito;victor.freire;Correo enviado
202404094700188;9/4/2024;Cerrado con exito;victor.freire;Informe borrador realizado
202404084700053;8/4/2024;Cerrado con exito;victor.freire;Usuario activado
202404084700050;8/4/2024;Cerrado con exito;victor.freire;Usuario activado
202404054700024;5/4/2024;Cerrado con exito;victor.freire;Memorando realizado y enviado
202404054700023;5/4/2024;Cerrado con exito;victor.freire;Usuario desactivado
202404014700126;1/4/2024;Cerrado con exito;victor.freire;Usuario desactivado
202404014700080;1/4/2024;Cerrado con exito;victor.freire;Usuario desactivado
202404014700077;1/4/2024;Cerrado con exito;victor.freire;Usuario desactivado
202404014700075;1/4/2024;Cerrado con exito;victor.freire;Usuario desactivado
202404014700072;1/4/2024;Cerrado con exito;victor.freire;Usuario desactivado
202403264700289;26/3/2024;Cerrado con exito;victor.freire;Informe realizado
202403264700288;26/3/2024;Cerrado con exito;victor.freire;Recordatorio realizado
202403264700107;26/3/2024;Cerrado con exito;victor.freire;Usuario desactivado
202403264700066;26/3/2024;Cerrado con exito;victor.freire;Diagramas recopilados
202403264700063;26/3/2024;Cerrado con exito;victor.freire;Usuario activado
202403264700060;26/3/2024;Cerrado con exito;victor.freire;Usuario desactivado
202403224700049;22/3/2024;Cerrado con exito;victor.freire;Asistencia realizada
202403194700045;19/3/2024;Cerrado con exito;victor.freire;Acuerdos remitidos
202403184700078;18/3/2024;Cerrado con exito;victor.freire;Usuario activado
202403144700119;14/3/2024;Cerrado con exito;victor.freire;Usuario desactivado
202403144700118;14/3/2024;Cerrado con exito;victor.freire;Usuario activado
202403144700116;14/3/2024;Cerrado con exito;victor.freire;Usuario activado
202403134700305;13/3/2024;Cerrado con exito;victor.freire;Memorando de respuesta enviado
202403134700105;13/3/2024;Cerrado con exito;victor.freire;Evidencias subidas
202403134700021;13/3/2024;Cerrado con exito;victor.freire;Usuario desactivado
202403124700154;12/3/2024;Cerrado con exito;victor.freire;Usuario activado
202403124700029;12/3/2024;Cerrado con exito;victor.freire;Usuario desactivado
202403114700247;11/3/2024;Cerrado con exito;victor.freire;Usuario activado
202403114700055;11/3/2024;Cerrado con exito;victor.freire;Usuario activado
202403114700053;11/3/2024;Cerrado con exito;victor.freire;Usuario desactivado
202403114700052;11/3/2024;Cerrado con exito;victor.freire;Usuario desactivado
202403074700164;7/3/2024;Cerrado con exito;victor.freire;Usuario activado
202403074700125;7/3/2024;Cerrado con exito;victor.freire;Usuario activado
202403074700123;7/3/2024;Cerrado con exito;victor.freire;Revisado
202403074700102;7/3/2024;Cerrado con exito;victor.freire;Usuario desactivado
202403074700097;7/3/2024;Cerrado con exito;victor.freire;Usuario activado
202403074700096;7/3/2024;Cerrado con exito;victor.freire;Usuario desactivado
202403074700093;7/3/2024;Cerrado con exito;victor.freire;Usuario desactivado
202403074700091;7/3/2024;Cerrado con exito;victor.freire;Usuario desactivado
202403074700090;7/3/2024;Cerrado con exito;victor.freire;Usuarios desactivados
202403074700085;7/3/2024;Cerrado con exito;victor.freire;Revisado
202403074700084;7/3/2024;Cerrado con exito;victor.freire;Usuario activado
202403074700081;7/3/2024;Cerrado con exito;victor.freire;Revisado
202403074700078;7/3/2024;Cerrado con exito;victor.freire;Usuario desactivado
202403074700064;7/3/2024;Cerrado con exito;victor.freire;Usuario activado
202403074700062;7/3/2024;Cerrado con exito;victor.freire;Usuario activado
202403074700059;7/3/2024;Cerrado con exito;victor.freire;Usuario activado
202403074700057;7/3/2024;Cerrado con exito;victor.freire;Usuario activado
202403064700273;6/3/2024;Cerrado con solución provisional;victor.freire;Pendiente actualización
202403064700059;6/3/2024;Cerrado con exito;victor.freire;Reunión realizada
202403064700054;6/3/2024;Cerrado con exito;victor.freire;Informe remitido al área requirente
202403054700082;5/3/2024;Cerrado con exito;victor.freire;Matriz revisada
202403054700079;5/3/2024;Cerrado con exito;victor.freire;Matriz revisada
202403054700077;5/3/2024;Cerrado con exito;victor.freire;Revisado
202403054700076;5/3/2024;Cerrado con exito;victor.freire;Revisado y remitido
202402264700308;26/2/2024;Cerrado con exito;victor.freire;Revisado
202402234700090;23/2/2024;Cerrado con exito;victor.freire;Usuario desactivado
202402234700089;23/2/2024;Cerrado con exito;victor.freire;Usuario desactivado
202402194700052;19/2/2024;Cerrado con exito;victor.freire;Respuesta remitida
202402194700050;19/2/2024;Cerrado con exito;victor.freire;Gestión realizada
202402194700038;19/2/2024;Cerrado con exito;victor.freire;[Ticket#202402194700038] Estatuto Orgánico de Gestión Organizacional por Procesos - Entregables (Remitir)
202402194700035;19/2/2024;Cerrado con exito;victor.freire;Revisado
202402194700030;19/2/2024;Cerrado con exito;victor.freire;Correo enviado
202402144700143;14/2/2024;Cerrado con exito;victor.freire;Usuario activado
202402094700253;9/2/2024;Cerrado con exito;victor.freire;Usuario desactivado
202402094700251;9/2/2024;Cerrado con exito;victor.freire;Correo enviado
202402094700250;9/2/2024;Cerrado con exito;victor.freire;Perfil borrador realizado
202402054700382;5/2/2024;Cerrado con exito;victor.freire;Usuario desactivado
202402054700378;5/2/2024;Cerrado con exito;victor.freire;Usuarios desactivados
202402054700377;5/2/2024;Cerrado con exito;victor.freire;Matriz revisada
202402054700374;5/2/2024;Cerrado con exito;victor.freire;Usuario activado
202402054700370;5/2/2024;Cerrado con exito;victor.freire;Usuario creado
202402054700360;5/2/2024;Cerrado con exito;victor.freire;Usuario desactivado
202402054700355;5/2/2024;Cerrado con exito;victor.freire;Usuarios desactivados
202402054700342;5/2/2024;Cerrado con exito;victor.freire;Revisado
202402054700336;5/2/2024;Cerrado con exito;victor.freire;Usuarios desactivados
202402054700335;5/2/2024;Cerrado con exito;victor.freire;Revisado
202402054700333;5/2/2024;Cerrado con exito;victor.freire;Usuario activado
202401264700234;26/1/2024;Cerrado con exito;victor.freire;Activación realizada
202401264700232;26/1/2024;Cerrado con exito;victor.freire;Desactivación realizada
202401254700086;25/1/2024;Cerrado con exito;victor.freire;Usuario creado
202401254700085;25/1/2024;Cerrado con exito;victor.freire;Usuario desactivado
202401254700081;25/1/2024;Cerrado con exito;victor.freire;Matriz enviada
202401244700009;24/1/2024;Cerrado con exito;victor.freire;Reportes remitidos
202401224700167;22/1/2024;Cerrado con exito;victor.freire;Evidencias enviadas
202401184700168;18/1/2024;Cerrado con exito;victor.freire;Respuesta enviada
202401184700166;18/1/2024;Cerrado con exito;victor.freire;Riesgos subidos
202401184700164;18/1/2024;Cerrado con exito;victor.freire;Cronograma remitido
202401184700160;18/1/2024;Cerrado con exito;victor.freire;Respuesta enviada
202401184700157;18/1/2024;Cerrado con exito;victor.freire;Usuario activado
202401184700153;18/1/2024;Cerrado con exito;victor.freire;Usuario desactivado
202401184700147;18/1/2024;Cerrado con exito;victor.freire;Usuario desactivado
202401184700145;18/1/2024;Cerrado con exito;victor.freire;Usuario desactivado
202401184700137;18/1/2024;Cerrado con exito;victor.freire;Revision realizada
202401184700136;18/1/2024;Cerrado con exito;victor.freire;Revision realizada
202401184700133;18/1/2024;cerrado, no compete a TIC;victor.freire;Re: [Ticket#202401184700133] Realizar la actualización del procedimiento de Asesoria
202401184700130;18/1/2024;cerrado, no compete a TIC;victor.freire;Re: [Ticket#202401184700130] Realizar la actualización del procedimiento de Arquitectura
202401114700282;11/1/2024;Cerrado con exito;victor.freire;Usuario creado
202401114700163;11/1/2024;Cerrado con exito;victor.freire;Respuesta enviada
202401094700016;9/1/2024;Cerrado con exito;victor.freire;Memorando realizado y enviado
202401084700124;8/1/2024;cerrado sin éxito;victor.freire;Proyecto suspendido
202401084700068;8/1/2024;Cerrado con exito;victor.freire;Revisión realizada
202401084700022;8/1/2024;Cerrado con exito;victor.freire;Subida realizada
202401084700010;8/1/2024;Cerrado con exito;victor.freire;Usuario activado
202401084700007;8/1/2024;Cerrado con exito;victor.freire;Subida realizada
202401044700045;4/1/2024;Cerrado con exito;victor.freire;Usuario activado
202401044700040;4/1/2024;Cerrado con exito;victor.freire;Memorando realizado y enviado
202401044700037;4/1/2024;Cerrado con exito;victor.freire;Correo enviado
202401044700034;4/1/2024;Cerrado con exito;victor.freire;Memorando realizado y enviado
202401034700163;3/1/2024;Cerrado con exito;victor.freire;Usuario desactivado
202401034700161;3/1/2024;Cerrado con exito;victor.freire;Usuario desactivado
202401034700155;3/1/2024;Cerrado con exito;victor.freire;Usuario desactivado
